id,section,requirement,route,implementation,file_line,method,test,expected,observed,evidence,status
V22.1-01-01,1,Gesamte Kunden-App technisch fachlich visuell prüfen,Gesamte Kunden-App,Offener Folgeschritt im verbindlichen Gesamtauftrag; siehe Root-Cause-/Phasenbericht.,source-inventory.json.gz: routes/renderCatalog/cssRules; data-/schema-inventory.json,Quellcode + fachlicher Integrationstest + gerenderte Geometrie/Interaktion soweit einschlägig,TC-V22.1-01-01,Gesamte Kunden-App technisch fachlich visuell prüfen,Keine vollständige Erfüllung/Abnahme für diese Gesamtanforderung nachgewiesen. Teilnachweise dürfen nicht als Vollabnahme gelten.,report.md; root-causes.json; route-states.json,Nicht bestanden
V22.1-01-02,1,Bottom-Navigation visuell unverändert,Gesamte Kunden-App,Navigation bleibt byte-/vertragsgleich inklusive transitiver Tokens.,components/app-shell.tsx:414; app/styles/responsive.css:1,Quellcode + fachlicher Integrationstest + gerenderte Geometrie/Interaktion soweit einschlägig,TC-V22.1-01-02,Bottom-Navigation visuell unverändert,Navigation bleibt byte-/vertragsgleich inklusive transitiver Tokens.,"navigation-contract-test.mjs + navigation-foundation-test.mjs, frisch ausgeführt",Bestanden
V22.1-01-03,1,Bottom-Navigation funktional unverändert,Gesamte Kunden-App,Navigation bleibt byte-/vertragsgleich inklusive transitiver Tokens.,components/app-shell.tsx:414; app/styles/responsive.css:1,Quellcode + fachlicher Integrationstest + gerenderte Geometrie/Interaktion soweit einschlägig,TC-V22.1-01-03,Bottom-Navigation funktional unverändert,Navigation bleibt byte-/vertragsgleich inklusive transitiver Tokens.,"navigation-contract-test.mjs + navigation-foundation-test.mjs, frisch ausgeführt",Bestanden
V22.1-01-04,1,Überlagerungen nur Content Scroll Viewport Safe Area korrigieren,Gesamte Kunden-App,Offener Folgeschritt im verbindlichen Gesamtauftrag; siehe Root-Cause-/Phasenbericht.,source-inventory.json.gz: routes/renderCatalog/cssRules; data-/schema-inventory.json,Quellcode + fachlicher Integrationstest + gerenderte Geometrie/Interaktion soweit einschlägig,TC-V22.1-01-04,Überlagerungen nur Content Scroll Viewport Safe Area korrigieren,Keine vollständige Erfüllung/Abnahme für diese Gesamtanforderung nachgewiesen. Teilnachweise dürfen nicht als Vollabnahme gelten.,report.md; root-causes.json; route-states.json,Nicht bestanden
V22.1-01-05,1,Keine visuelle Neugestaltung Landingpage,Gesamte Kunden-App,Offener Folgeschritt im verbindlichen Gesamtauftrag; siehe Root-Cause-/Phasenbericht.,source-inventory.json.gz: routes/renderCatalog/cssRules; data-/schema-inventory.json,Quellcode + fachlicher Integrationstest + gerenderte Geometrie/Interaktion soweit einschlägig,TC-V22.1-01-05,Keine visuelle Neugestaltung Landingpage,Keine vollständige Erfüllung/Abnahme für diese Gesamtanforderung nachgewiesen. Teilnachweise dürfen nicht als Vollabnahme gelten.,report.md; root-causes.json; route-states.json,Nicht bestanden
V22.1-01-06,1,Keine visuelle Neugestaltung Operator,Gesamte Kunden-App,Offener Folgeschritt im verbindlichen Gesamtauftrag; siehe Root-Cause-/Phasenbericht.,source-inventory.json.gz: routes/renderCatalog/cssRules; data-/schema-inventory.json,Quellcode + fachlicher Integrationstest + gerenderte Geometrie/Interaktion soweit einschlägig,TC-V22.1-01-06,Keine visuelle Neugestaltung Operator,Keine vollständige Erfüllung/Abnahme für diese Gesamtanforderung nachgewiesen. Teilnachweise dürfen nicht als Vollabnahme gelten.,report.md; root-causes.json; route-states.json,Nicht bestanden
V22.1-02-01,2,Aktuelle GitHub-Basis prüfen,Alle 71 Routen / 95 APIs + Manifest,"Basis cf1a98a6, Branch geprüft, PRs #214/#222/#231/#233 geprüft; Azure SHA entspricht Basis.",GitHub main / offene PRs / Azure /api/health,Quellcode + fachlicher Integrationstest + gerenderte Geometrie/Interaktion soweit einschlägig,TC-V22.1-02-01,Aktuelle GitHub-Basis prüfen,"Basis cf1a98a6, Branch geprüft, PRs #214/#222/#231/#233 geprüft; Azure SHA entspricht Basis.",baseline.json,Bestanden
V22.1-02-02,2,Routen Unterrouten inventarisieren,Alle 71 Routen / 95 APIs + Manifest,Vollständiges aktuelles statisches Inventar; Laufzeiterreichbarkeit bleibt getrennt.,scripts/v22-1-inventory.mjs:1,Quellcode + fachlicher Integrationstest + gerenderte Geometrie/Interaktion soweit einschlägig,TC-V22.1-02-02,Routen Unterrouten inventarisieren,Vollständiges aktuelles statisches Inventar; Laufzeiterreichbarkeit bleibt getrennt.,source-inventory.json.gz + routes.md,Bestanden
V22.1-02-03,2,Hauptseiten Detailseiten Tabs Unteransichten inventarisieren,Alle 71 Routen / 95 APIs + Manifest,Vollständiges aktuelles statisches Inventar; Laufzeiterreichbarkeit bleibt getrennt.,scripts/v22-1-inventory.mjs:1,Quellcode + fachlicher Integrationstest + gerenderte Geometrie/Interaktion soweit einschlägig,TC-V22.1-02-03,Hauptseiten Detailseiten Tabs Unteransichten inventarisieren,Vollständiges aktuelles statisches Inventar; Laufzeiterreichbarkeit bleibt getrennt.,source-inventory.json.gz + routes.md,Bestanden
V22.1-02-04,2,Listen Tabellen inventarisieren,Alle 71 Routen / 95 APIs + Manifest,Vollständiges aktuelles statisches Inventar; Laufzeiterreichbarkeit bleibt getrennt.,scripts/v22-1-inventory.mjs:1,Quellcode + fachlicher Integrationstest + gerenderte Geometrie/Interaktion soweit einschlägig,TC-V22.1-02-04,Listen Tabellen inventarisieren,Vollständiges aktuelles statisches Inventar; Laufzeiterreichbarkeit bleibt getrennt.,source-inventory.json.gz + routes.md,Bestanden
V22.1-02-05,2,KPI Diagramme inventarisieren,Alle 71 Routen / 95 APIs + Manifest,Vollständiges aktuelles statisches Inventar; Laufzeiterreichbarkeit bleibt getrennt.,scripts/v22-1-inventory.mjs:1,Quellcode + fachlicher Integrationstest + gerenderte Geometrie/Interaktion soweit einschlägig,TC-V22.1-02-05,KPI Diagramme inventarisieren,Vollständiges aktuelles statisches Inventar; Laufzeiterreichbarkeit bleibt getrennt.,source-inventory.json.gz + routes.md,Bestanden
V22.1-02-06,2,Formulare Sheets Wizards Dialoge inventarisieren,Alle 71 Routen / 95 APIs + Manifest,Vollständiges aktuelles statisches Inventar; Laufzeiterreichbarkeit bleibt getrennt.,scripts/v22-1-inventory.mjs:1,Quellcode + fachlicher Integrationstest + gerenderte Geometrie/Interaktion soweit einschlägig,TC-V22.1-02-06,Formulare Sheets Wizards Dialoge inventarisieren,Vollständiges aktuelles statisches Inventar; Laufzeiterreichbarkeit bleibt getrennt.,source-inventory.json.gz + routes.md,Bestanden
V22.1-02-07,2,Geschäftsprozesse inventarisieren,Alle 71 Routen / 95 APIs + Manifest,Offener Folgeschritt im verbindlichen Gesamtauftrag; siehe Root-Cause-/Phasenbericht.,source-inventory.json.gz: routes/renderCatalog/cssRules; data-/schema-inventory.json,Quellcode + fachlicher Integrationstest + gerenderte Geometrie/Interaktion soweit einschlägig,TC-V22.1-02-07,Geschäftsprozesse inventarisieren,Keine vollständige Erfüllung/Abnahme für diese Gesamtanforderung nachgewiesen. Teilnachweise dürfen nicht als Vollabnahme gelten.,report.md; root-causes.json; route-states.json,Nicht bestanden
V22.1-02-08,2,DB-Modelle APIs Migrationen inventarisieren,Alle 71 Routen / 95 APIs + Manifest,Alle 46 Migrationen isoliert angewendet; 95 Tabellen / 1’222 Spalten / 95 Geschäfts-APIs + Manifest. Keine Produktions-DB inspiziert.,database/migrations; app/api; lib/server/repositories,Quellcode + fachlicher Integrationstest + gerenderte Geometrie/Interaktion soweit einschlägig,TC-V22.1-02-08,DB-Modelle APIs Migrationen inventarisieren,Alle 46 Migrationen isoliert angewendet; 95 Tabellen / 1’222 Spalten / 95 Geschäfts-APIs + Manifest. Keine Produktions-DB inspiziert.,schema-inventory.json + data-inventory.json,Bestanden
V22.1-02-09,2,Dokument PDF Generatoren inventarisieren,Alle 71 Routen / 95 APIs + Manifest,Offener Folgeschritt im verbindlichen Gesamtauftrag; siehe Root-Cause-/Phasenbericht.,source-inventory.json.gz: routes/renderCatalog/cssRules; data-/schema-inventory.json,Quellcode + fachlicher Integrationstest + gerenderte Geometrie/Interaktion soweit einschlägig,TC-V22.1-02-09,Dokument PDF Generatoren inventarisieren,Keine vollständige Erfüllung/Abnahme für diese Gesamtanforderung nachgewiesen. Teilnachweise dürfen nicht als Vollabnahme gelten.,report.md; root-causes.json; route-states.json,Nicht bestanden
V22.1-02-10,2,UX-Komponenten CSS Regeln Breakpoints inventarisieren,Alle 71 Routen / 95 APIs + Manifest,Vollständiges aktuelles statisches Inventar; Laufzeiterreichbarkeit bleibt getrennt.,scripts/v22-1-inventory.mjs:1,Quellcode + fachlicher Integrationstest + gerenderte Geometrie/Interaktion soweit einschlägig,TC-V22.1-02-10,UX-Komponenten CSS Regeln Breakpoints inventarisieren,Vollständiges aktuelles statisches Inventar; Laufzeiterreichbarkeit bleibt getrennt.,source-inventory.json.gz + routes.md,Bestanden
V22.1-02-11,2,Abweichungen mit Route Zustand Rendering Import Datei Zeile CSS Legacy Ursache Korrektur Test belegen,Alle 71 Routen / 95 APIs + Manifest,Offener Folgeschritt im verbindlichen Gesamtauftrag; siehe Root-Cause-/Phasenbericht.,source-inventory.json.gz: routes/renderCatalog/cssRules; data-/schema-inventory.json,Quellcode + fachlicher Integrationstest + gerenderte Geometrie/Interaktion soweit einschlägig,TC-V22.1-02-11,Abweichungen mit Route Zustand Rendering Import Datei Zeile CSS Legacy Ursache Korrektur Test belegen,Keine vollständige Erfüllung/Abnahme für diese Gesamtanforderung nachgewiesen. Teilnachweise dürfen nicht als Vollabnahme gelten.,report.md; root-causes.json; route-states.json,Nicht bestanden
V22.1-02-12,2,Gute bestehende Komponenten weiterverwenden,Alle 71 Routen / 95 APIs + Manifest,Offener Folgeschritt im verbindlichen Gesamtauftrag; siehe Root-Cause-/Phasenbericht.,source-inventory.json.gz: routes/renderCatalog/cssRules; data-/schema-inventory.json,Quellcode + fachlicher Integrationstest + gerenderte Geometrie/Interaktion soweit einschlägig,TC-V22.1-02-12,Gute bestehende Komponenten weiterverwenden,Keine vollständige Erfüllung/Abnahme für diese Gesamtanforderung nachgewiesen. Teilnachweise dürfen nicht als Vollabnahme gelten.,report.md; root-causes.json; route-states.json,Nicht bestanden
V22.1-02-13,2,ui.tsx binso-ux.tsx records.tsx tatsächliche Verbraucher verifizieren,Alle 71 Routen / 95 APIs + Manifest,Vollständiges aktuelles statisches Inventar; Laufzeiterreichbarkeit bleibt getrennt.,scripts/v22-1-inventory.mjs:1,Quellcode + fachlicher Integrationstest + gerenderte Geometrie/Interaktion soweit einschlägig,TC-V22.1-02-13,ui.tsx binso-ux.tsx records.tsx tatsächliche Verbraucher verifizieren,Vollständiges aktuelles statisches Inventar; Laufzeiterreichbarkeit bleibt getrennt.,source-inventory.json.gz + routes.md,Bestanden
V22.1-03-01,3,Ein Owner für Content Header Detailheader,"components/ui.tsx, binso-ux.tsx, records.tsx; gesamte Kunden-App",Offener Folgeschritt im verbindlichen Gesamtauftrag; siehe Root-Cause-/Phasenbericht.,source-inventory.json.gz: routes/renderCatalog/cssRules; data-/schema-inventory.json,Quellcode + fachlicher Integrationstest + gerenderte Geometrie/Interaktion soweit einschlägig,TC-V22.1-03-01,Ein Owner für Content Header Detailheader,Keine vollständige Erfüllung/Abnahme für diese Gesamtanforderung nachgewiesen. Teilnachweise dürfen nicht als Vollabnahme gelten.,report.md; root-causes.json; route-states.json,Nicht bestanden
V22.1-03-02,3,Ein Owner für Tabs Section Divider Spacing,"components/ui.tsx, binso-ux.tsx, records.tsx; gesamte Kunden-App",Offener Folgeschritt im verbindlichen Gesamtauftrag; siehe Root-Cause-/Phasenbericht.,source-inventory.json.gz: routes/renderCatalog/cssRules; data-/schema-inventory.json,Quellcode + fachlicher Integrationstest + gerenderte Geometrie/Interaktion soweit einschlägig,TC-V22.1-03-02,Ein Owner für Tabs Section Divider Spacing,Keine vollständige Erfüllung/Abnahme für diese Gesamtanforderung nachgewiesen. Teilnachweise dürfen nicht als Vollabnahme gelten.,report.md; root-causes.json; route-states.json,Nicht bestanden
V22.1-03-03,3,Ein Owner für KPI Zeitreihe Zeitraumwahl,"components/ui.tsx, binso-ux.tsx, records.tsx; gesamte Kunden-App",Offener Folgeschritt im verbindlichen Gesamtauftrag; siehe Root-Cause-/Phasenbericht.,source-inventory.json.gz: routes/renderCatalog/cssRules; data-/schema-inventory.json,Quellcode + fachlicher Integrationstest + gerenderte Geometrie/Interaktion soweit einschlägig,TC-V22.1-03-03,Ein Owner für KPI Zeitreihe Zeitraumwahl,Keine vollständige Erfüllung/Abnahme für diese Gesamtanforderung nachgewiesen. Teilnachweise dürfen nicht als Vollabnahme gelten.,report.md; root-causes.json; route-states.json,Nicht bestanden
V22.1-03-04,3,Ein Owner für Toolbar Suche Filter Sortierung,"components/ui.tsx, binso-ux.tsx, records.tsx; gesamte Kunden-App",Offener Folgeschritt im verbindlichen Gesamtauftrag; siehe Root-Cause-/Phasenbericht.,source-inventory.json.gz: routes/renderCatalog/cssRules; data-/schema-inventory.json,Quellcode + fachlicher Integrationstest + gerenderte Geometrie/Interaktion soweit einschlägig,TC-V22.1-03-04,Ein Owner für Toolbar Suche Filter Sortierung,Keine vollständige Erfüllung/Abnahme für diese Gesamtanforderung nachgewiesen. Teilnachweise dürfen nicht als Vollabnahme gelten.,report.md; root-causes.json; route-states.json,Nicht bestanden
V22.1-03-05,3,Ein Owner für Felder fachliche Definition Validierung,"components/ui.tsx, binso-ux.tsx, records.tsx; gesamte Kunden-App",Offener Folgeschritt im verbindlichen Gesamtauftrag; siehe Root-Cause-/Phasenbericht.,source-inventory.json.gz: routes/renderCatalog/cssRules; data-/schema-inventory.json,Quellcode + fachlicher Integrationstest + gerenderte Geometrie/Interaktion soweit einschlägig,TC-V22.1-03-05,Ein Owner für Felder fachliche Definition Validierung,Keine vollständige Erfüllung/Abnahme für diese Gesamtanforderung nachgewiesen. Teilnachweise dürfen nicht als Vollabnahme gelten.,report.md; root-causes.json; route-states.json,Nicht bestanden
V22.1-03-06,3,Ein Owner für Sheet Wizard Dirty State,"components/ui.tsx, binso-ux.tsx, records.tsx; gesamte Kunden-App",Offener Folgeschritt im verbindlichen Gesamtauftrag; siehe Root-Cause-/Phasenbericht.,source-inventory.json.gz: routes/renderCatalog/cssRules; data-/schema-inventory.json,Quellcode + fachlicher Integrationstest + gerenderte Geometrie/Interaktion soweit einschlägig,TC-V22.1-03-06,Ein Owner für Sheet Wizard Dirty State,Keine vollständige Erfüllung/Abnahme für diese Gesamtanforderung nachgewiesen. Teilnachweise dürfen nicht als Vollabnahme gelten.,report.md; root-causes.json; route-states.json,Nicht bestanden
V22.1-03-07,3,Ein Owner für Geschäftsnummern,"components/ui.tsx, binso-ux.tsx, records.tsx; gesamte Kunden-App",Offener Folgeschritt im verbindlichen Gesamtauftrag; siehe Root-Cause-/Phasenbericht.,source-inventory.json.gz: routes/renderCatalog/cssRules; data-/schema-inventory.json,Quellcode + fachlicher Integrationstest + gerenderte Geometrie/Interaktion soweit einschlägig,TC-V22.1-03-07,Ein Owner für Geschäftsnummern,Keine vollständige Erfüllung/Abnahme für diese Gesamtanforderung nachgewiesen. Teilnachweise dürfen nicht als Vollabnahme gelten.,report.md; root-causes.json; route-states.json,Nicht bestanden
V22.1-03-08,3,Konkurrierende Implementierungen nach Verbraucherprüfung entfernen,"components/ui.tsx, binso-ux.tsx, records.tsx; gesamte Kunden-App",Offener Folgeschritt im verbindlichen Gesamtauftrag; siehe Root-Cause-/Phasenbericht.,source-inventory.json.gz: routes/renderCatalog/cssRules; data-/schema-inventory.json,Quellcode + fachlicher Integrationstest + gerenderte Geometrie/Interaktion soweit einschlägig,TC-V22.1-03-08,Konkurrierende Implementierungen nach Verbraucherprüfung entfernen,Keine vollständige Erfüllung/Abnahme für diese Gesamtanforderung nachgewiesen. Teilnachweise dürfen nicht als Vollabnahme gelten.,report.md; root-causes.json; route-states.json,Nicht bestanden
V22.1-04-01,4,Zentraler responsiver Content-Container,Alle AppShell-Routen,Offener Folgeschritt im verbindlichen Gesamtauftrag; siehe Root-Cause-/Phasenbericht.,source-inventory.json.gz: routes/renderCatalog/cssRules; data-/schema-inventory.json,Quellcode + fachlicher Integrationstest + gerenderte Geometrie/Interaktion soweit einschlägig,TC-V22.1-04-01,Zentraler responsiver Content-Container,Keine vollständige Erfüllung/Abnahme für diese Gesamtanforderung nachgewiesen. Teilnachweise dürfen nicht als Vollabnahme gelten.,report.md; root-causes.json; route-states.json,Nicht bestanden
V22.1-04-02,4,Logo Avatar Aktionen Content gemeinsame Führungslinien,Alle AppShell-Routen,Offener Folgeschritt im verbindlichen Gesamtauftrag; siehe Root-Cause-/Phasenbericht.,source-inventory.json.gz: routes/renderCatalog/cssRules; data-/schema-inventory.json,Quellcode + fachlicher Integrationstest + gerenderte Geometrie/Interaktion soweit einschlägig,TC-V22.1-04-02,Logo Avatar Aktionen Content gemeinsame Führungslinien,Keine vollständige Erfüllung/Abnahme für diese Gesamtanforderung nachgewiesen. Teilnachweise dürfen nicht als Vollabnahme gelten.,report.md; root-causes.json; route-states.json,Nicht bestanden
V22.1-04-03,4,Icon-Zentren und Touchflächen berücksichtigen,Alle AppShell-Routen,Offener Folgeschritt im verbindlichen Gesamtauftrag; siehe Root-Cause-/Phasenbericht.,source-inventory.json.gz: routes/renderCatalog/cssRules; data-/schema-inventory.json,Quellcode + fachlicher Integrationstest + gerenderte Geometrie/Interaktion soweit einschlägig,TC-V22.1-04-03,Icon-Zentren und Touchflächen berücksichtigen,Keine vollständige Erfüllung/Abnahme für diese Gesamtanforderung nachgewiesen. Teilnachweise dürfen nicht als Vollabnahme gelten.,report.md; root-causes.json; route-states.json,Nicht bestanden
V22.1-04-04,4,Keine doppelte Aussenpadding-Struktur,Alle AppShell-Routen,Offener Folgeschritt im verbindlichen Gesamtauftrag; siehe Root-Cause-/Phasenbericht.,source-inventory.json.gz: routes/renderCatalog/cssRules; data-/schema-inventory.json,Quellcode + fachlicher Integrationstest + gerenderte Geometrie/Interaktion soweit einschlägig,TC-V22.1-04-04,Keine doppelte Aussenpadding-Struktur,Keine vollständige Erfüllung/Abnahme für diese Gesamtanforderung nachgewiesen. Teilnachweise dürfen nicht als Vollabnahme gelten.,report.md; root-causes.json; route-states.json,Nicht bestanden
V22.1-04-05,4,Statistikinnenabstand ohne abweichenden Aussenrand,Alle AppShell-Routen,Offener Folgeschritt im verbindlichen Gesamtauftrag; siehe Root-Cause-/Phasenbericht.,source-inventory.json.gz: routes/renderCatalog/cssRules; data-/schema-inventory.json,Quellcode + fachlicher Integrationstest + gerenderte Geometrie/Interaktion soweit einschlägig,TC-V22.1-04-05,Statistikinnenabstand ohne abweichenden Aussenrand,Keine vollständige Erfüllung/Abnahme für diese Gesamtanforderung nachgewiesen. Teilnachweise dürfen nicht als Vollabnahme gelten.,report.md; root-causes.json; route-states.json,Nicht bestanden
V22.1-04-06,4,Desktop Tablet max Breite gemeinsames Grid,Alle AppShell-Routen,Offener Folgeschritt im verbindlichen Gesamtauftrag; siehe Root-Cause-/Phasenbericht.,source-inventory.json.gz: routes/renderCatalog/cssRules; data-/schema-inventory.json,Quellcode + fachlicher Integrationstest + gerenderte Geometrie/Interaktion soweit einschlägig,TC-V22.1-04-06,Desktop Tablet max Breite gemeinsames Grid,Keine vollständige Erfüllung/Abnahme für diese Gesamtanforderung nachgewiesen. Teilnachweise dürfen nicht als Vollabnahme gelten.,report.md; root-causes.json; route-states.json,Nicht bestanden
V22.1-04-07,4,Mobile schmale Geräte ohne Seitenoverflow,Alle AppShell-Routen,Offener Folgeschritt im verbindlichen Gesamtauftrag; siehe Root-Cause-/Phasenbericht.,source-inventory.json.gz: routes/renderCatalog/cssRules; data-/schema-inventory.json,Quellcode + fachlicher Integrationstest + gerenderte Geometrie/Interaktion soweit einschlägig,TC-V22.1-04-07,Mobile schmale Geräte ohne Seitenoverflow,Keine vollständige Erfüllung/Abnahme für diese Gesamtanforderung nachgewiesen. Teilnachweise dürfen nicht als Vollabnahme gelten.,report.md; root-causes.json; route-states.json,Nicht bestanden
V22.1-04-08,4,Aktionen erreichbar Texte nicht abgeschnitten,Alle AppShell-Routen,Offener Folgeschritt im verbindlichen Gesamtauftrag; siehe Root-Cause-/Phasenbericht.,source-inventory.json.gz: routes/renderCatalog/cssRules; data-/schema-inventory.json,Quellcode + fachlicher Integrationstest + gerenderte Geometrie/Interaktion soweit einschlägig,TC-V22.1-04-08,Aktionen erreichbar Texte nicht abgeschnitten,Keine vollständige Erfüllung/Abnahme für diese Gesamtanforderung nachgewiesen. Teilnachweise dürfen nicht als Vollabnahme gelten.,report.md; root-causes.json; route-states.json,Nicht bestanden
V22.1-05-01,5,Globale Headerarchitektur erhalten,Alle Haupt-/Detailrouten,Offener Folgeschritt im verbindlichen Gesamtauftrag; siehe Root-Cause-/Phasenbericht.,source-inventory.json.gz: routes/renderCatalog/cssRules; data-/schema-inventory.json,Quellcode + fachlicher Integrationstest + gerenderte Geometrie/Interaktion soweit einschlägig,TC-V22.1-05-01,Globale Headerarchitektur erhalten,Keine vollständige Erfüllung/Abnahme für diese Gesamtanforderung nachgewiesen. Teilnachweise dürfen nicht als Vollabnahme gelten.,report.md; root-causes.json; route-states.json,Nicht bestanden
V22.1-05-02,5,Keine duplizierten globalen Headerfunktionen,Alle Haupt-/Detailrouten,Offener Folgeschritt im verbindlichen Gesamtauftrag; siehe Root-Cause-/Phasenbericht.,source-inventory.json.gz: routes/renderCatalog/cssRules; data-/schema-inventory.json,Quellcode + fachlicher Integrationstest + gerenderte Geometrie/Interaktion soweit einschlägig,TC-V22.1-05-02,Keine duplizierten globalen Headerfunktionen,Keine vollständige Erfüllung/Abnahme für diese Gesamtanforderung nachgewiesen. Teilnachweise dürfen nicht als Vollabnahme gelten.,report.md; root-causes.json; route-states.json,Nicht bestanden
V22.1-05-03,5,Zurück ausschliesslich im zentralen Detailheader links,Alle Haupt-/Detailrouten,Offener Folgeschritt im verbindlichen Gesamtauftrag; siehe Root-Cause-/Phasenbericht.,source-inventory.json.gz: routes/renderCatalog/cssRules; data-/schema-inventory.json,Quellcode + fachlicher Integrationstest + gerenderte Geometrie/Interaktion soweit einschlägig,TC-V22.1-05-03,Zurück ausschliesslich im zentralen Detailheader links,Keine vollständige Erfüllung/Abnahme für diese Gesamtanforderung nachgewiesen. Teilnachweise dürfen nicht als Vollabnahme gelten.,report.md; root-causes.json; route-states.json,Nicht bestanden
V22.1-05-04,5,Drei Punkte ausschliesslich im zentralen Detailheader rechts,Alle Haupt-/Detailrouten,Offener Folgeschritt im verbindlichen Gesamtauftrag; siehe Root-Cause-/Phasenbericht.,source-inventory.json.gz: routes/renderCatalog/cssRules; data-/schema-inventory.json,Quellcode + fachlicher Integrationstest + gerenderte Geometrie/Interaktion soweit einschlägig,TC-V22.1-05-04,Drei Punkte ausschliesslich im zentralen Detailheader rechts,Keine vollständige Erfüllung/Abnahme für diese Gesamtanforderung nachgewiesen. Teilnachweise dürfen nicht als Vollabnahme gelten.,report.md; root-causes.json; route-states.json,Nicht bestanden
V22.1-05-05,5,Keine zweite Headeraktionszeile oder Seitentitel,Alle Haupt-/Detailrouten,Offener Folgeschritt im verbindlichen Gesamtauftrag; siehe Root-Cause-/Phasenbericht.,source-inventory.json.gz: routes/renderCatalog/cssRules; data-/schema-inventory.json,Quellcode + fachlicher Integrationstest + gerenderte Geometrie/Interaktion soweit einschlägig,TC-V22.1-05-05,Keine zweite Headeraktionszeile oder Seitentitel,Keine vollständige Erfüllung/Abnahme für diese Gesamtanforderung nachgewiesen. Teilnachweise dürfen nicht als Vollabnahme gelten.,report.md; root-causes.json; route-states.json,Nicht bestanden
V22.1-05-06,5,Inhalt beginnt unter Detailheader,Alle Haupt-/Detailrouten,Offener Folgeschritt im verbindlichen Gesamtauftrag; siehe Root-Cause-/Phasenbericht.,source-inventory.json.gz: routes/renderCatalog/cssRules; data-/schema-inventory.json,Quellcode + fachlicher Integrationstest + gerenderte Geometrie/Interaktion soweit einschlägig,TC-V22.1-05-06,Inhalt beginnt unter Detailheader,Keine vollständige Erfüllung/Abnahme für diese Gesamtanforderung nachgewiesen. Teilnachweise dürfen nicht als Vollabnahme gelten.,report.md; root-causes.json; route-states.json,Nicht bestanden
V22.1-05-07,5,Status Tabs Inhaltsvertrag,Alle Haupt-/Detailrouten,Offener Folgeschritt im verbindlichen Gesamtauftrag; siehe Root-Cause-/Phasenbericht.,source-inventory.json.gz: routes/renderCatalog/cssRules; data-/schema-inventory.json,Quellcode + fachlicher Integrationstest + gerenderte Geometrie/Interaktion soweit einschlägig,TC-V22.1-05-07,Status Tabs Inhaltsvertrag,Keine vollständige Erfüllung/Abnahme für diese Gesamtanforderung nachgewiesen. Teilnachweise dürfen nicht als Vollabnahme gelten.,report.md; root-causes.json; route-states.json,Nicht bestanden
V22.1-05-08,5,Sinnvolle Rücknavigation,Alle Haupt-/Detailrouten,Offener Folgeschritt im verbindlichen Gesamtauftrag; siehe Root-Cause-/Phasenbericht.,source-inventory.json.gz: routes/renderCatalog/cssRules; data-/schema-inventory.json,Quellcode + fachlicher Integrationstest + gerenderte Geometrie/Interaktion soweit einschlägig,TC-V22.1-05-08,Sinnvolle Rücknavigation,Keine vollständige Erfüllung/Abnahme für diese Gesamtanforderung nachgewiesen. Teilnachweise dürfen nicht als Vollabnahme gelten.,report.md; root-causes.json; route-states.json,Nicht bestanden
V22.1-05-09,5,Suche Filter Tab Scroll bei Rücknavigation erhalten,Alle Haupt-/Detailrouten,Offener Folgeschritt im verbindlichen Gesamtauftrag; siehe Root-Cause-/Phasenbericht.,source-inventory.json.gz: routes/renderCatalog/cssRules; data-/schema-inventory.json,Quellcode + fachlicher Integrationstest + gerenderte Geometrie/Interaktion soweit einschlägig,TC-V22.1-05-09,Suche Filter Tab Scroll bei Rücknavigation erhalten,Keine vollständige Erfüllung/Abnahme für diese Gesamtanforderung nachgewiesen. Teilnachweise dürfen nicht als Vollabnahme gelten.,report.md; root-causes.json; route-states.json,Nicht bestanden
V22.1-05-10,5,Sicherer Deep-Link-Fallback,Alle Haupt-/Detailrouten,Offener Folgeschritt im verbindlichen Gesamtauftrag; siehe Root-Cause-/Phasenbericht.,source-inventory.json.gz: routes/renderCatalog/cssRules; data-/schema-inventory.json,Quellcode + fachlicher Integrationstest + gerenderte Geometrie/Interaktion soweit einschlägig,TC-V22.1-05-10,Sicherer Deep-Link-Fallback,Keine vollständige Erfüllung/Abnahme für diese Gesamtanforderung nachgewiesen. Teilnachweise dürfen nicht als Vollabnahme gelten.,report.md; root-causes.json; route-states.json,Nicht bestanden
V22.1-05-11,5,Browser PWA Zurück identischer Vertrag,Alle Haupt-/Detailrouten,Offener Folgeschritt im verbindlichen Gesamtauftrag; siehe Root-Cause-/Phasenbericht.,source-inventory.json.gz: routes/renderCatalog/cssRules; data-/schema-inventory.json,Quellcode + fachlicher Integrationstest + gerenderte Geometrie/Interaktion soweit einschlägig,TC-V22.1-05-11,Browser PWA Zurück identischer Vertrag,Keine vollständige Erfüllung/Abnahme für diese Gesamtanforderung nachgewiesen. Teilnachweise dürfen nicht als Vollabnahme gelten.,report.md; root-causes.json; route-states.json,Nicht bestanden
V22.1-06-01,6,Keine unnötigen Kartenrahmen,Alle Kunden-App-Routen,Offener Folgeschritt im verbindlichen Gesamtauftrag; siehe Root-Cause-/Phasenbericht.,source-inventory.json.gz: routes/renderCatalog/cssRules; data-/schema-inventory.json,Quellcode + fachlicher Integrationstest + gerenderte Geometrie/Interaktion soweit einschlägig,TC-V22.1-06-01,Keine unnötigen Kartenrahmen,Keine vollständige Erfüllung/Abnahme für diese Gesamtanforderung nachgewiesen. Teilnachweise dürfen nicht als Vollabnahme gelten.,report.md; root-causes.json; route-states.json,Nicht bestanden
V22.1-06-02,6,Keine verschachtelten Doppelcontainer,Alle Kunden-App-Routen,Offener Folgeschritt im verbindlichen Gesamtauftrag; siehe Root-Cause-/Phasenbericht.,source-inventory.json.gz: routes/renderCatalog/cssRules; data-/schema-inventory.json,Quellcode + fachlicher Integrationstest + gerenderte Geometrie/Interaktion soweit einschlägig,TC-V22.1-06-02,Keine verschachtelten Doppelcontainer,Keine vollständige Erfüllung/Abnahme für diese Gesamtanforderung nachgewiesen. Teilnachweise dürfen nicht als Vollabnahme gelten.,report.md; root-causes.json; route-states.json,Nicht bestanden
V22.1-06-03,6,Keine redundanten Schatten Hintergrundflächen,Alle Kunden-App-Routen,Offener Folgeschritt im verbindlichen Gesamtauftrag; siehe Root-Cause-/Phasenbericht.,source-inventory.json.gz: routes/renderCatalog/cssRules; data-/schema-inventory.json,Quellcode + fachlicher Integrationstest + gerenderte Geometrie/Interaktion soweit einschlägig,TC-V22.1-06-03,Keine redundanten Schatten Hintergrundflächen,Keine vollständige Erfüllung/Abnahme für diese Gesamtanforderung nachgewiesen. Teilnachweise dürfen nicht als Vollabnahme gelten.,report.md; root-causes.json; route-states.json,Nicht bestanden
V22.1-06-04,6,Typografie Abstände dezente Linien statt Karten,Alle Kunden-App-Routen,Offener Folgeschritt im verbindlichen Gesamtauftrag; siehe Root-Cause-/Phasenbericht.,source-inventory.json.gz: routes/renderCatalog/cssRules; data-/schema-inventory.json,Quellcode + fachlicher Integrationstest + gerenderte Geometrie/Interaktion soweit einschlägig,TC-V22.1-06-04,Typografie Abstände dezente Linien statt Karten,Keine vollständige Erfüllung/Abnahme für diese Gesamtanforderung nachgewiesen. Teilnachweise dürfen nicht als Vollabnahme gelten.,report.md; root-causes.json; route-states.json,Nicht bestanden
V22.1-06-05,6,Listenzeilen keine Einzelkarten,Alle Kunden-App-Routen,Offener Folgeschritt im verbindlichen Gesamtauftrag; siehe Root-Cause-/Phasenbericht.,source-inventory.json.gz: routes/renderCatalog/cssRules; data-/schema-inventory.json,Quellcode + fachlicher Integrationstest + gerenderte Geometrie/Interaktion soweit einschlägig,TC-V22.1-06-05,Listenzeilen keine Einzelkarten,Keine vollständige Erfüllung/Abnahme für diese Gesamtanforderung nachgewiesen. Teilnachweise dürfen nicht als Vollabnahme gelten.,report.md; root-causes.json; route-states.json,Nicht bestanden
V22.1-06-06,6,Dunkle Statistikfläche ohne umgebende Karte,Alle Kunden-App-Routen,Offener Folgeschritt im verbindlichen Gesamtauftrag; siehe Root-Cause-/Phasenbericht.,source-inventory.json.gz: routes/renderCatalog/cssRules; data-/schema-inventory.json,Quellcode + fachlicher Integrationstest + gerenderte Geometrie/Interaktion soweit einschlägig,TC-V22.1-06-06,Dunkle Statistikfläche ohne umgebende Karte,Keine vollständige Erfüllung/Abnahme für diese Gesamtanforderung nachgewiesen. Teilnachweise dürfen nicht als Vollabnahme gelten.,report.md; root-causes.json; route-states.json,Nicht bestanden
V22.1-07-01,7,Divider-Verantwortung für Header Tabs Section Gruppen Liste Sheet Wizard Footer,Alle Seiten/Formulare/Sheets,Offener Folgeschritt im verbindlichen Gesamtauftrag; siehe Root-Cause-/Phasenbericht.,source-inventory.json.gz: routes/renderCatalog/cssRules; data-/schema-inventory.json,Quellcode + fachlicher Integrationstest + gerenderte Geometrie/Interaktion soweit einschlägig,TC-V22.1-07-01,Divider-Verantwortung für Header Tabs Section Gruppen Liste Sheet Wizard Footer,Keine vollständige Erfüllung/Abnahme für diese Gesamtanforderung nachgewiesen. Teilnachweise dürfen nicht als Vollabnahme gelten.,report.md; root-causes.json; route-states.json,Nicht bestanden
V22.1-07-02,7,Keine direkt folgenden doppelten Divider,Alle Seiten/Formulare/Sheets,Offener Folgeschritt im verbindlichen Gesamtauftrag; siehe Root-Cause-/Phasenbericht.,source-inventory.json.gz: routes/renderCatalog/cssRules; data-/schema-inventory.json,Quellcode + fachlicher Integrationstest + gerenderte Geometrie/Interaktion soweit einschlägig,TC-V22.1-07-02,Keine direkt folgenden doppelten Divider,Keine vollständige Erfüllung/Abnahme für diese Gesamtanforderung nachgewiesen. Teilnachweise dürfen nicht als Vollabnahme gelten.,report.md; root-causes.json; route-states.json,Nicht bestanden
V22.1-07-03,7,Zentrale Header Inhaltsabstände,Alle Seiten/Formulare/Sheets,Offener Folgeschritt im verbindlichen Gesamtauftrag; siehe Root-Cause-/Phasenbericht.,source-inventory.json.gz: routes/renderCatalog/cssRules; data-/schema-inventory.json,Quellcode + fachlicher Integrationstest + gerenderte Geometrie/Interaktion soweit einschlägig,TC-V22.1-07-03,Zentrale Header Inhaltsabstände,Keine vollständige Erfüllung/Abnahme für diese Gesamtanforderung nachgewiesen. Teilnachweise dürfen nicht als Vollabnahme gelten.,report.md; root-causes.json; route-states.json,Nicht bestanden
V22.1-07-04,7,Zentrale Titel Beschreibung Tab Inhaltsabstände,Alle Seiten/Formulare/Sheets,Offener Folgeschritt im verbindlichen Gesamtauftrag; siehe Root-Cause-/Phasenbericht.,source-inventory.json.gz: routes/renderCatalog/cssRules; data-/schema-inventory.json,Quellcode + fachlicher Integrationstest + gerenderte Geometrie/Interaktion soweit einschlägig,TC-V22.1-07-04,Zentrale Titel Beschreibung Tab Inhaltsabstände,Keine vollständige Erfüllung/Abnahme für diese Gesamtanforderung nachgewiesen. Teilnachweise dürfen nicht als Vollabnahme gelten.,report.md; root-causes.json; route-states.json,Nicht bestanden
V22.1-07-05,7,Zentrale Abschnitt Feldgruppen Abstände,Alle Seiten/Formulare/Sheets,Offener Folgeschritt im verbindlichen Gesamtauftrag; siehe Root-Cause-/Phasenbericht.,source-inventory.json.gz: routes/renderCatalog/cssRules; data-/schema-inventory.json,Quellcode + fachlicher Integrationstest + gerenderte Geometrie/Interaktion soweit einschlägig,TC-V22.1-07-05,Zentrale Abschnitt Feldgruppen Abstände,Keine vollständige Erfüllung/Abnahme für diese Gesamtanforderung nachgewiesen. Teilnachweise dürfen nicht als Vollabnahme gelten.,report.md; root-causes.json; route-states.json,Nicht bestanden
V22.1-07-06,7,Zentrale Label Feld und Feld Feld Abstände,Alle Seiten/Formulare/Sheets,Offener Folgeschritt im verbindlichen Gesamtauftrag; siehe Root-Cause-/Phasenbericht.,source-inventory.json.gz: routes/renderCatalog/cssRules; data-/schema-inventory.json,Quellcode + fachlicher Integrationstest + gerenderte Geometrie/Interaktion soweit einschlägig,TC-V22.1-07-06,Zentrale Label Feld und Feld Feld Abstände,Keine vollständige Erfüllung/Abnahme für diese Gesamtanforderung nachgewiesen. Teilnachweise dürfen nicht als Vollabnahme gelten.,report.md; root-causes.json; route-states.json,Nicht bestanden
V22.1-07-07,7,Zentrale Divider Listen Footer Safe-Area Abstände,Alle Seiten/Formulare/Sheets,Offener Folgeschritt im verbindlichen Gesamtauftrag; siehe Root-Cause-/Phasenbericht.,source-inventory.json.gz: routes/renderCatalog/cssRules; data-/schema-inventory.json,Quellcode + fachlicher Integrationstest + gerenderte Geometrie/Interaktion soweit einschlägig,TC-V22.1-07-07,Zentrale Divider Listen Footer Safe-Area Abstände,Keine vollständige Erfüllung/Abnahme für diese Gesamtanforderung nachgewiesen. Teilnachweise dürfen nicht als Vollabnahme gelten.,report.md; root-causes.json; route-states.json,Nicht bestanden
V22.1-07-08,7,Keine lokalen Tokenüberschreibungen,Alle Seiten/Formulare/Sheets,Offener Folgeschritt im verbindlichen Gesamtauftrag; siehe Root-Cause-/Phasenbericht.,source-inventory.json.gz: routes/renderCatalog/cssRules; data-/schema-inventory.json,Quellcode + fachlicher Integrationstest + gerenderte Geometrie/Interaktion soweit einschlägig,TC-V22.1-07-08,Keine lokalen Tokenüberschreibungen,Keine vollständige Erfüllung/Abnahme für diese Gesamtanforderung nachgewiesen. Teilnachweise dürfen nicht als Vollabnahme gelten.,report.md; root-causes.json; route-states.json,Nicht bestanden
V22.1-07-09,7,Root Cause CSS Spezifität Padding Separatoren prüfen,Alle Seiten/Formulare/Sheets,Offener Folgeschritt im verbindlichen Gesamtauftrag; siehe Root-Cause-/Phasenbericht.,source-inventory.json.gz: routes/renderCatalog/cssRules; data-/schema-inventory.json,Quellcode + fachlicher Integrationstest + gerenderte Geometrie/Interaktion soweit einschlägig,TC-V22.1-07-09,Root Cause CSS Spezifität Padding Separatoren prüfen,Keine vollständige Erfüllung/Abnahme für diese Gesamtanforderung nachgewiesen. Teilnachweise dürfen nicht als Vollabnahme gelten.,report.md; root-causes.json; route-states.json,Nicht bestanden
V22.1-07-10,7,Keine pauschalen display:none negative Margins !important,Alle Seiten/Formulare/Sheets,Offener Folgeschritt im verbindlichen Gesamtauftrag; siehe Root-Cause-/Phasenbericht.,source-inventory.json.gz: routes/renderCatalog/cssRules; data-/schema-inventory.json,Quellcode + fachlicher Integrationstest + gerenderte Geometrie/Interaktion soweit einschlägig,TC-V22.1-07-10,Keine pauschalen display:none negative Margins !important,Keine vollständige Erfüllung/Abnahme für diese Gesamtanforderung nachgewiesen. Teilnachweise dürfen nicht als Vollabnahme gelten.,report.md; root-causes.json; route-states.json,Nicht bestanden
V22.1-08-01,8,Freigegebene dunkle Designreferenz verifizieren,"/dashboard, /finanzen, /finanzen/analyse, /kunden/[id]; weitere Module offen",Offener Folgeschritt im verbindlichen Gesamtauftrag; siehe Root-Cause-/Phasenbericht.,source-inventory.json.gz: routes/renderCatalog/cssRules; data-/schema-inventory.json,Quellcode + fachlicher Integrationstest + gerenderte Geometrie/Interaktion soweit einschlägig,TC-V22.1-08-01,Freigegebene dunkle Designreferenz verifizieren,Exakte freigegebene grafische Referenz in diesem Arbeitsstand nicht identifiziert/verifiziert; textlicher Designvertrag umgesetzt.,report.md; root-causes.json; route-states.json,Blockiert
V22.1-08-02,8,Dunkle Statistikfläche weisse Überschrift grauer Untertitel,"/dashboard, /finanzen, /finanzen/analyse, /kunden/[id]; weitere Module offen",Offener Folgeschritt im verbindlichen Gesamtauftrag; siehe Root-Cause-/Phasenbericht.,source-inventory.json.gz: routes/renderCatalog/cssRules; data-/schema-inventory.json,Quellcode + fachlicher Integrationstest + gerenderte Geometrie/Interaktion soweit einschlägig,TC-V22.1-08-02,Dunkle Statistikfläche weisse Überschrift grauer Untertitel,Keine vollständige Erfüllung/Abnahme für diese Gesamtanforderung nachgewiesen. Teilnachweise dürfen nicht als Vollabnahme gelten.,report.md; root-causes.json; route-states.json,Nicht bestanden
V22.1-08-03,8,Kompakte Zeitraumwahl,"/dashboard, /finanzen, /finanzen/analyse, /kunden/[id]; weitere Module offen",Offener Folgeschritt im verbindlichen Gesamtauftrag; siehe Root-Cause-/Phasenbericht.,source-inventory.json.gz: routes/renderCatalog/cssRules; data-/schema-inventory.json,Quellcode + fachlicher Integrationstest + gerenderte Geometrie/Interaktion soweit einschlägig,TC-V22.1-08-03,Kompakte Zeitraumwahl,Keine vollständige Erfüllung/Abnahme für diese Gesamtanforderung nachgewiesen. Teilnachweise dürfen nicht als Vollabnahme gelten.,report.md; root-causes.json; route-states.json,Nicht bestanden
V22.1-08-04,8,Exakt drei fachlich vorgesehene Kennzahlen,"/dashboard, /finanzen, /finanzen/analyse, /kunden/[id]; weitere Module offen",Offener Folgeschritt im verbindlichen Gesamtauftrag; siehe Root-Cause-/Phasenbericht.,source-inventory.json.gz: routes/renderCatalog/cssRules; data-/schema-inventory.json,Quellcode + fachlicher Integrationstest + gerenderte Geometrie/Interaktion soweit einschlägig,TC-V22.1-08-04,Exakt drei fachlich vorgesehene Kennzahlen,Keine vollständige Erfüllung/Abnahme für diese Gesamtanforderung nachgewiesen. Teilnachweise dürfen nicht als Vollabnahme gelten.,report.md; root-causes.json; route-states.json,Nicht bestanden
V22.1-08-05,8,Gruppierte Säulen dezente Hilfslinien Zeitachsen Legende,"/dashboard, /finanzen, /finanzen/analyse, /kunden/[id]; weitere Module offen",Offener Folgeschritt im verbindlichen Gesamtauftrag; siehe Root-Cause-/Phasenbericht.,source-inventory.json.gz: routes/renderCatalog/cssRules; data-/schema-inventory.json,Quellcode + fachlicher Integrationstest + gerenderte Geometrie/Interaktion soweit einschlägig,TC-V22.1-08-05,Gruppierte Säulen dezente Hilfslinien Zeitachsen Legende,Keine vollständige Erfüllung/Abnahme für diese Gesamtanforderung nachgewiesen. Teilnachweise dürfen nicht als Vollabnahme gelten.,report.md; root-causes.json; route-states.json,Nicht bestanden
V22.1-08-06,8,Touch Hover Tastatur,"/dashboard, /finanzen, /finanzen/analyse, /kunden/[id]; weitere Module offen",Offener Folgeschritt im verbindlichen Gesamtauftrag; siehe Root-Cause-/Phasenbericht.,source-inventory.json.gz: routes/renderCatalog/cssRules; data-/schema-inventory.json,Quellcode + fachlicher Integrationstest + gerenderte Geometrie/Interaktion soweit einschlägig,TC-V22.1-08-06,Touch Hover Tastatur,Keine vollständige Erfüllung/Abnahme für diese Gesamtanforderung nachgewiesen. Teilnachweise dürfen nicht als Vollabnahme gelten.,report.md; root-causes.json; route-states.json,Nicht bestanden
V22.1-08-07,8,Grün positiv Rot kritisch Grau neutral Weiss Hauptwert,"/dashboard, /finanzen, /finanzen/analyse, /kunden/[id]; weitere Module offen",Offener Folgeschritt im verbindlichen Gesamtauftrag; siehe Root-Cause-/Phasenbericht.,source-inventory.json.gz: routes/renderCatalog/cssRules; data-/schema-inventory.json,Quellcode + fachlicher Integrationstest + gerenderte Geometrie/Interaktion soweit einschlägig,TC-V22.1-08-07,Grün positiv Rot kritisch Grau neutral Weiss Hauptwert,Keine vollständige Erfüllung/Abnahme für diese Gesamtanforderung nachgewiesen. Teilnachweise dürfen nicht als Vollabnahme gelten.,report.md; root-causes.json; route-states.json,Nicht bestanden
V22.1-08-08,8,Einnahmen grün Ausgaben rot,"/dashboard, /finanzen, /finanzen/analyse, /kunden/[id]; weitere Module offen",Offener Folgeschritt im verbindlichen Gesamtauftrag; siehe Root-Cause-/Phasenbericht.,source-inventory.json.gz: routes/renderCatalog/cssRules; data-/schema-inventory.json,Quellcode + fachlicher Integrationstest + gerenderte Geometrie/Interaktion soweit einschlägig,TC-V22.1-08-08,Einnahmen grün Ausgaben rot,Keine vollständige Erfüllung/Abnahme für diese Gesamtanforderung nachgewiesen. Teilnachweise dürfen nicht als Vollabnahme gelten.,report.md; root-causes.json; route-states.json,Nicht bestanden
V22.1-08-09,8,Farbe nicht einzige Information,"/dashboard, /finanzen, /finanzen/analyse, /kunden/[id]; weitere Module offen",Offener Folgeschritt im verbindlichen Gesamtauftrag; siehe Root-Cause-/Phasenbericht.,source-inventory.json.gz: routes/renderCatalog/cssRules; data-/schema-inventory.json,Quellcode + fachlicher Integrationstest + gerenderte Geometrie/Interaktion soweit einschlägig,TC-V22.1-08-09,Farbe nicht einzige Information,Keine vollständige Erfüllung/Abnahme für diese Gesamtanforderung nachgewiesen. Teilnachweise dürfen nicht als Vollabnahme gelten.,report.md; root-causes.json; route-states.json,Nicht bestanden
V22.1-08-10,8,Gleiche Architektur alle geeigneten Module,"/dashboard, /finanzen, /finanzen/analyse, /kunden/[id]; weitere Module offen",Offener Folgeschritt im verbindlichen Gesamtauftrag; siehe Root-Cause-/Phasenbericht.,source-inventory.json.gz: routes/renderCatalog/cssRules; data-/schema-inventory.json,Quellcode + fachlicher Integrationstest + gerenderte Geometrie/Interaktion soweit einschlägig,TC-V22.1-08-10,Gleiche Architektur alle geeigneten Module,Keine vollständige Erfüllung/Abnahme für diese Gesamtanforderung nachgewiesen. Teilnachweise dürfen nicht als Vollabnahme gelten.,report.md; root-causes.json; route-states.json,Nicht bestanden
V22.1-08-11,8,Kein Typwechsel nach Monatsanzahl,"/dashboard, /finanzen, /finanzen/analyse, /kunden/[id]; weitere Module offen",Offener Folgeschritt im verbindlichen Gesamtauftrag; siehe Root-Cause-/Phasenbericht.,source-inventory.json.gz: routes/renderCatalog/cssRules; data-/schema-inventory.json,Quellcode + fachlicher Integrationstest + gerenderte Geometrie/Interaktion soweit einschlägig,TC-V22.1-08-11,Kein Typwechsel nach Monatsanzahl,Keine vollständige Erfüllung/Abnahme für diese Gesamtanforderung nachgewiesen. Teilnachweise dürfen nicht als Vollabnahme gelten.,report.md; root-causes.json; route-states.json,Nicht bestanden
V22.1-08-12,8,Kein ungeeignetes Diagramm erzwingen,"/dashboard, /finanzen, /finanzen/analyse, /kunden/[id]; weitere Module offen",Offener Folgeschritt im verbindlichen Gesamtauftrag; siehe Root-Cause-/Phasenbericht.,source-inventory.json.gz: routes/renderCatalog/cssRules; data-/schema-inventory.json,Quellcode + fachlicher Integrationstest + gerenderte Geometrie/Interaktion soweit einschlägig,TC-V22.1-08-12,Kein ungeeignetes Diagramm erzwingen,Keine vollständige Erfüllung/Abnahme für diese Gesamtanforderung nachgewiesen. Teilnachweise dürfen nicht als Vollabnahme gelten.,report.md; root-causes.json; route-states.json,Nicht bestanden
V22.1-09-01,9,Jede zeitbezogene Statistik 1 3 6 12 Monate und eigener Zeitraum,"/dashboard, /finanzen, /finanzen/analyse, /kunden/[id]; weitere Module offen",Offener Folgeschritt im verbindlichen Gesamtauftrag; siehe Root-Cause-/Phasenbericht.,source-inventory.json.gz: routes/renderCatalog/cssRules; data-/schema-inventory.json,Quellcode + fachlicher Integrationstest + gerenderte Geometrie/Interaktion soweit einschlägig,TC-V22.1-09-01,Jede zeitbezogene Statistik 1 3 6 12 Monate und eigener Zeitraum,Keine vollständige Erfüllung/Abnahme für diese Gesamtanforderung nachgewiesen. Teilnachweise dürfen nicht als Vollabnahme gelten.,report.md; root-causes.json; route-states.json,Nicht bestanden
V22.1-09-02,9,Kalendersymbol zentrale kompakte Steuerung,"/dashboard, /finanzen, /finanzen/analyse, /kunden/[id]; weitere Module offen","Zentraler Renderer: Kalender-Sheet, inklusive valide UTC-Kalendertage, adaptive Aggregation, reale gemeinsame KPI/Chart-Werte, Null ohne künstliche Säule, Sessionzustand; Rechnungsliste unabhängig.",components/statistics.tsx:11; lib/statistics-period.ts:11,Quellcode + fachlicher Integrationstest + gerenderte Geometrie/Interaktion soweit einschlägig,TC-V22.1-09-02,Kalendersymbol zentrale kompakte Steuerung,"Zentraler Renderer: Kalender-Sheet, inklusive valide UTC-Kalendertage, adaptive Aggregation, reale gemeinsame KPI/Chart-Werte, Null ohne künstliche Säule, Sessionzustand; Rechnungsliste unabhängig.","statistics-test.mjs + Chromium finance-Interaktion / matrix/results-light,dark.json",Bestanden
V22.1-09-03,9,Von Bis im zentralen Sheet,"/dashboard, /finanzen, /finanzen/analyse, /kunden/[id]; weitere Module offen","Zentraler Renderer: Kalender-Sheet, inklusive valide UTC-Kalendertage, adaptive Aggregation, reale gemeinsame KPI/Chart-Werte, Null ohne künstliche Säule, Sessionzustand; Rechnungsliste unabhängig.",components/statistics.tsx:11; lib/statistics-period.ts:11,Quellcode + fachlicher Integrationstest + gerenderte Geometrie/Interaktion soweit einschlägig,TC-V22.1-09-03,Von Bis im zentralen Sheet,"Zentraler Renderer: Kalender-Sheet, inklusive valide UTC-Kalendertage, adaptive Aggregation, reale gemeinsame KPI/Chart-Werte, Null ohne künstliche Säule, Sessionzustand; Rechnungsliste unabhängig.","statistics-test.mjs + Chromium finance-Interaktion / matrix/results-light,dark.json",Bestanden
V22.1-09-04,9,Beide Datumswerte vorhanden,"/dashboard, /finanzen, /finanzen/analyse, /kunden/[id]; weitere Module offen","Zentraler Renderer: Kalender-Sheet, inklusive valide UTC-Kalendertage, adaptive Aggregation, reale gemeinsame KPI/Chart-Werte, Null ohne künstliche Säule, Sessionzustand; Rechnungsliste unabhängig.",components/statistics.tsx:11; lib/statistics-period.ts:11,Quellcode + fachlicher Integrationstest + gerenderte Geometrie/Interaktion soweit einschlägig,TC-V22.1-09-04,Beide Datumswerte vorhanden,"Zentraler Renderer: Kalender-Sheet, inklusive valide UTC-Kalendertage, adaptive Aggregation, reale gemeinsame KPI/Chart-Werte, Null ohne künstliche Säule, Sessionzustand; Rechnungsliste unabhängig.","statistics-test.mjs + Chromium finance-Interaktion / matrix/results-light,dark.json",Bestanden
V22.1-09-05,9,Beginn nicht nach Ende,"/dashboard, /finanzen, /finanzen/analyse, /kunden/[id]; weitere Module offen","Zentraler Renderer: Kalender-Sheet, inklusive valide UTC-Kalendertage, adaptive Aggregation, reale gemeinsame KPI/Chart-Werte, Null ohne künstliche Säule, Sessionzustand; Rechnungsliste unabhängig.",components/statistics.tsx:11; lib/statistics-period.ts:11,Quellcode + fachlicher Integrationstest + gerenderte Geometrie/Interaktion soweit einschlägig,TC-V22.1-09-05,Beginn nicht nach Ende,"Zentraler Renderer: Kalender-Sheet, inklusive valide UTC-Kalendertage, adaptive Aggregation, reale gemeinsame KPI/Chart-Werte, Null ohne künstliche Säule, Sessionzustand; Rechnungsliste unabhängig.","statistics-test.mjs + Chromium finance-Interaktion / matrix/results-light,dark.json",Bestanden
V22.1-09-06,9,Fachlich zulässiger Zeitraum,"/dashboard, /finanzen, /finanzen/analyse, /kunden/[id]; weitere Module offen",Offener Folgeschritt im verbindlichen Gesamtauftrag; siehe Root-Cause-/Phasenbericht.,source-inventory.json.gz: routes/renderCatalog/cssRules; data-/schema-inventory.json,Quellcode + fachlicher Integrationstest + gerenderte Geometrie/Interaktion soweit einschlägig,TC-V22.1-09-06,Fachlich zulässiger Zeitraum,Keine vollständige Erfüllung/Abnahme für diese Gesamtanforderung nachgewiesen. Teilnachweise dürfen nicht als Vollabnahme gelten.,report.md; root-causes.json; route-states.json,Nicht bestanden
V22.1-09-07,9,Zeitzonen und inklusive Datumsgrenzen korrekt,"/dashboard, /finanzen, /finanzen/analyse, /kunden/[id]; weitere Module offen","Zentraler Renderer: Kalender-Sheet, inklusive valide UTC-Kalendertage, adaptive Aggregation, reale gemeinsame KPI/Chart-Werte, Null ohne künstliche Säule, Sessionzustand; Rechnungsliste unabhängig.",components/statistics.tsx:11; lib/statistics-period.ts:11,Quellcode + fachlicher Integrationstest + gerenderte Geometrie/Interaktion soweit einschlägig,TC-V22.1-09-07,Zeitzonen und inklusive Datumsgrenzen korrekt,"Zentraler Renderer: Kalender-Sheet, inklusive valide UTC-Kalendertage, adaptive Aggregation, reale gemeinsame KPI/Chart-Werte, Null ohne künstliche Säule, Sessionzustand; Rechnungsliste unabhängig.","statistics-test.mjs + Chromium finance-Interaktion / matrix/results-light,dark.json",Bestanden
V22.1-09-08,9,1 Monat Wochen oder Tagesgruppen,"/dashboard, /finanzen, /finanzen/analyse, /kunden/[id]; weitere Module offen","Zentraler Renderer: Kalender-Sheet, inklusive valide UTC-Kalendertage, adaptive Aggregation, reale gemeinsame KPI/Chart-Werte, Null ohne künstliche Säule, Sessionzustand; Rechnungsliste unabhängig.",components/statistics.tsx:11; lib/statistics-period.ts:11,Quellcode + fachlicher Integrationstest + gerenderte Geometrie/Interaktion soweit einschlägig,TC-V22.1-09-08,1 Monat Wochen oder Tagesgruppen,"Zentraler Renderer: Kalender-Sheet, inklusive valide UTC-Kalendertage, adaptive Aggregation, reale gemeinsame KPI/Chart-Werte, Null ohne künstliche Säule, Sessionzustand; Rechnungsliste unabhängig.","statistics-test.mjs + Chromium finance-Interaktion / matrix/results-light,dark.json",Bestanden
V22.1-09-09,9,2 bis 12 Monate Monatsgruppen,"/dashboard, /finanzen, /finanzen/analyse, /kunden/[id]; weitere Module offen","Zentraler Renderer: Kalender-Sheet, inklusive valide UTC-Kalendertage, adaptive Aggregation, reale gemeinsame KPI/Chart-Werte, Null ohne künstliche Säule, Sessionzustand; Rechnungsliste unabhängig.",components/statistics.tsx:11; lib/statistics-period.ts:11,Quellcode + fachlicher Integrationstest + gerenderte Geometrie/Interaktion soweit einschlägig,TC-V22.1-09-09,2 bis 12 Monate Monatsgruppen,"Zentraler Renderer: Kalender-Sheet, inklusive valide UTC-Kalendertage, adaptive Aggregation, reale gemeinsame KPI/Chart-Werte, Null ohne künstliche Säule, Sessionzustand; Rechnungsliste unabhängig.","statistics-test.mjs + Chromium finance-Interaktion / matrix/results-light,dark.json",Bestanden
V22.1-09-10,9,Kurze eigene Zeiträume Tagesgruppen,"/dashboard, /finanzen, /finanzen/analyse, /kunden/[id]; weitere Module offen","Zentraler Renderer: Kalender-Sheet, inklusive valide UTC-Kalendertage, adaptive Aggregation, reale gemeinsame KPI/Chart-Werte, Null ohne künstliche Säule, Sessionzustand; Rechnungsliste unabhängig.",components/statistics.tsx:11; lib/statistics-period.ts:11,Quellcode + fachlicher Integrationstest + gerenderte Geometrie/Interaktion soweit einschlägig,TC-V22.1-09-10,Kurze eigene Zeiträume Tagesgruppen,"Zentraler Renderer: Kalender-Sheet, inklusive valide UTC-Kalendertage, adaptive Aggregation, reale gemeinsame KPI/Chart-Werte, Null ohne künstliche Säule, Sessionzustand; Rechnungsliste unabhängig.","statistics-test.mjs + Chromium finance-Interaktion / matrix/results-light,dark.json",Bestanden
V22.1-09-11,9,Mittlere Zeiträume Wochen Monate,"/dashboard, /finanzen, /finanzen/analyse, /kunden/[id]; weitere Module offen","Zentraler Renderer: Kalender-Sheet, inklusive valide UTC-Kalendertage, adaptive Aggregation, reale gemeinsame KPI/Chart-Werte, Null ohne künstliche Säule, Sessionzustand; Rechnungsliste unabhängig.",components/statistics.tsx:11; lib/statistics-period.ts:11,Quellcode + fachlicher Integrationstest + gerenderte Geometrie/Interaktion soweit einschlägig,TC-V22.1-09-11,Mittlere Zeiträume Wochen Monate,"Zentraler Renderer: Kalender-Sheet, inklusive valide UTC-Kalendertage, adaptive Aggregation, reale gemeinsame KPI/Chart-Werte, Null ohne künstliche Säule, Sessionzustand; Rechnungsliste unabhängig.","statistics-test.mjs + Chromium finance-Interaktion / matrix/results-light,dark.json",Bestanden
V22.1-09-12,9,Lange Zeiträume Monate Jahre lesbar,"/dashboard, /finanzen, /finanzen/analyse, /kunden/[id]; weitere Module offen","Zentraler Renderer: Kalender-Sheet, inklusive valide UTC-Kalendertage, adaptive Aggregation, reale gemeinsame KPI/Chart-Werte, Null ohne künstliche Säule, Sessionzustand; Rechnungsliste unabhängig.",components/statistics.tsx:11; lib/statistics-period.ts:11,Quellcode + fachlicher Integrationstest + gerenderte Geometrie/Interaktion soweit einschlägig,TC-V22.1-09-12,Lange Zeiträume Monate Jahre lesbar,"Zentraler Renderer: Kalender-Sheet, inklusive valide UTC-Kalendertage, adaptive Aggregation, reale gemeinsame KPI/Chart-Werte, Null ohne künstliche Säule, Sessionzustand; Rechnungsliste unabhängig.","statistics-test.mjs + Chromium finance-Interaktion / matrix/results-light,dark.json",Bestanden
V22.1-09-13,9,Kennzahlen Diagramm Beschriftung Vergleich Legende gemeinsam aktualisieren,"/dashboard, /finanzen, /finanzen/analyse, /kunden/[id]; weitere Module offen",Offener Folgeschritt im verbindlichen Gesamtauftrag; siehe Root-Cause-/Phasenbericht.,source-inventory.json.gz: routes/renderCatalog/cssRules; data-/schema-inventory.json,Quellcode + fachlicher Integrationstest + gerenderte Geometrie/Interaktion soweit einschlägig,TC-V22.1-09-13,Kennzahlen Diagramm Beschriftung Vergleich Legende gemeinsam aktualisieren,Keine vollständige Erfüllung/Abnahme für diese Gesamtanforderung nachgewiesen. Teilnachweise dürfen nicht als Vollabnahme gelten.,report.md; root-causes.json; route-states.json,Nicht bestanden
V22.1-09-14,9,Laden Leer Fehlerzustände gemeinsam,"/dashboard, /finanzen, /finanzen/analyse, /kunden/[id]; weitere Module offen",Offener Folgeschritt im verbindlichen Gesamtauftrag; siehe Root-Cause-/Phasenbericht.,source-inventory.json.gz: routes/renderCatalog/cssRules; data-/schema-inventory.json,Quellcode + fachlicher Integrationstest + gerenderte Geometrie/Interaktion soweit einschlägig,TC-V22.1-09-14,Laden Leer Fehlerzustände gemeinsam,Keine vollständige Erfüllung/Abnahme für diese Gesamtanforderung nachgewiesen. Teilnachweise dürfen nicht als Vollabnahme gelten.,report.md; root-causes.json; route-states.json,Nicht bestanden
V22.1-09-15,9,Individuelle Auswahl tatsächlich Daten aktualisieren,"/dashboard, /finanzen, /finanzen/analyse, /kunden/[id]; weitere Module offen","Zentraler Renderer: Kalender-Sheet, inklusive valide UTC-Kalendertage, adaptive Aggregation, reale gemeinsame KPI/Chart-Werte, Null ohne künstliche Säule, Sessionzustand; Rechnungsliste unabhängig.",components/statistics.tsx:11; lib/statistics-period.ts:11,Quellcode + fachlicher Integrationstest + gerenderte Geometrie/Interaktion soweit einschlägig,TC-V22.1-09-15,Individuelle Auswahl tatsächlich Daten aktualisieren,"Zentraler Renderer: Kalender-Sheet, inklusive valide UTC-Kalendertage, adaptive Aggregation, reale gemeinsame KPI/Chart-Werte, Null ohne künstliche Säule, Sessionzustand; Rechnungsliste unabhängig.","statistics-test.mjs + Chromium finance-Interaktion / matrix/results-light,dark.json",Bestanden
V22.1-09-16,9,Zeitraum Rücknavigation erhalten,"/dashboard, /finanzen, /finanzen/analyse, /kunden/[id]; weitere Module offen","Zentraler Renderer: Kalender-Sheet, inklusive valide UTC-Kalendertage, adaptive Aggregation, reale gemeinsame KPI/Chart-Werte, Null ohne künstliche Säule, Sessionzustand; Rechnungsliste unabhängig.",components/statistics.tsx:11; lib/statistics-period.ts:11,Quellcode + fachlicher Integrationstest + gerenderte Geometrie/Interaktion soweit einschlägig,TC-V22.1-09-16,Zeitraum Rücknavigation erhalten,"Zentraler Renderer: Kalender-Sheet, inklusive valide UTC-Kalendertage, adaptive Aggregation, reale gemeinsame KPI/Chart-Werte, Null ohne künstliche Säule, Sessionzustand; Rechnungsliste unabhängig.","statistics-test.mjs + Chromium finance-Interaktion / matrix/results-light,dark.json",Bestanden
V22.1-09-17,9,Keine erfundenen Nullbalken Transaktionen,"/dashboard, /finanzen, /finanzen/analyse, /kunden/[id]; weitere Module offen","Zentraler Renderer: Kalender-Sheet, inklusive valide UTC-Kalendertage, adaptive Aggregation, reale gemeinsame KPI/Chart-Werte, Null ohne künstliche Säule, Sessionzustand; Rechnungsliste unabhängig.",components/statistics.tsx:11; lib/statistics-period.ts:11,Quellcode + fachlicher Integrationstest + gerenderte Geometrie/Interaktion soweit einschlägig,TC-V22.1-09-17,Keine erfundenen Nullbalken Transaktionen,"Zentraler Renderer: Kalender-Sheet, inklusive valide UTC-Kalendertage, adaptive Aggregation, reale gemeinsame KPI/Chart-Werte, Null ohne künstliche Säule, Sessionzustand; Rechnungsliste unabhängig.","statistics-test.mjs + Chromium finance-Interaktion / matrix/results-light,dark.json",Bestanden
V22.1-10-01,10,Eine verbindliche Berechnungsschicht pro Kennzahl,Finanz- und Geschäftsprozessmodule,Offener Folgeschritt im verbindlichen Gesamtauftrag; siehe Root-Cause-/Phasenbericht.,source-inventory.json.gz: routes/renderCatalog/cssRules; data-/schema-inventory.json,Quellcode + fachlicher Integrationstest + gerenderte Geometrie/Interaktion soweit einschlägig,TC-V22.1-10-01,Eine verbindliche Berechnungsschicht pro Kennzahl,Keine vollständige Erfüllung/Abnahme für diese Gesamtanforderung nachgewiesen. Teilnachweise dürfen nicht als Vollabnahme gelten.,report.md; root-causes.json; route-states.json,Nicht bestanden
V22.1-10-02,10,Fakturiertes Volumen und Umsatz unterscheiden,Finanz- und Geschäftsprozessmodule,Offener Folgeschritt im verbindlichen Gesamtauftrag; siehe Root-Cause-/Phasenbericht.,source-inventory.json.gz: routes/renderCatalog/cssRules; data-/schema-inventory.json,Quellcode + fachlicher Integrationstest + gerenderte Geometrie/Interaktion soweit einschlägig,TC-V22.1-10-02,Fakturiertes Volumen und Umsatz unterscheiden,Keine vollständige Erfüllung/Abnahme für diese Gesamtanforderung nachgewiesen. Teilnachweise dürfen nicht als Vollabnahme gelten.,report.md; root-causes.json; route-states.json,Nicht bestanden
V22.1-10-03,10,Eingänge Auszahlungen unterscheiden,Finanz- und Geschäftsprozessmodule,Offener Folgeschritt im verbindlichen Gesamtauftrag; siehe Root-Cause-/Phasenbericht.,source-inventory.json.gz: routes/renderCatalog/cssRules; data-/schema-inventory.json,Quellcode + fachlicher Integrationstest + gerenderte Geometrie/Interaktion soweit einschlägig,TC-V22.1-10-03,Eingänge Auszahlungen unterscheiden,Keine vollständige Erfüllung/Abnahme für diese Gesamtanforderung nachgewiesen. Teilnachweise dürfen nicht als Vollabnahme gelten.,report.md; root-causes.json; route-states.json,Nicht bestanden
V22.1-10-04,10,Offene Überfällige Forderungen unterscheiden,Finanz- und Geschäftsprozessmodule,Offener Folgeschritt im verbindlichen Gesamtauftrag; siehe Root-Cause-/Phasenbericht.,source-inventory.json.gz: routes/renderCatalog/cssRules; data-/schema-inventory.json,Quellcode + fachlicher Integrationstest + gerenderte Geometrie/Interaktion soweit einschlägig,TC-V22.1-10-04,Offene Überfällige Forderungen unterscheiden,Keine vollständige Erfüllung/Abnahme für diese Gesamtanforderung nachgewiesen. Teilnachweise dürfen nicht als Vollabnahme gelten.,report.md; root-causes.json; route-states.json,Nicht bestanden
V22.1-10-05,10,Ergebnis Cashflow Zeit Budget fachlich definieren,Finanz- und Geschäftsprozessmodule,Offener Folgeschritt im verbindlichen Gesamtauftrag; siehe Root-Cause-/Phasenbericht.,source-inventory.json.gz: routes/renderCatalog/cssRules; data-/schema-inventory.json,Quellcode + fachlicher Integrationstest + gerenderte Geometrie/Interaktion soweit einschlägig,TC-V22.1-10-05,Ergebnis Cashflow Zeit Budget fachlich definieren,Keine vollständige Erfüllung/Abnahme für diese Gesamtanforderung nachgewiesen. Teilnachweise dürfen nicht als Vollabnahme gelten.,report.md; root-causes.json; route-states.json,Nicht bestanden
V22.1-10-06,10,Bestandskennzahlen eindeutiger Stichtag,Finanz- und Geschäftsprozessmodule,Offener Folgeschritt im verbindlichen Gesamtauftrag; siehe Root-Cause-/Phasenbericht.,source-inventory.json.gz: routes/renderCatalog/cssRules; data-/schema-inventory.json,Quellcode + fachlicher Integrationstest + gerenderte Geometrie/Interaktion soweit einschlägig,TC-V22.1-10-06,Bestandskennzahlen eindeutiger Stichtag,Keine vollständige Erfüllung/Abnahme für diese Gesamtanforderung nachgewiesen. Teilnachweise dürfen nicht als Vollabnahme gelten.,report.md; root-causes.json; route-states.json,Nicht bestanden
V22.1-10-07,10,Offene Bestände nicht in historische Balken verteilen,Finanz- und Geschäftsprozessmodule,Offener Folgeschritt im verbindlichen Gesamtauftrag; siehe Root-Cause-/Phasenbericht.,source-inventory.json.gz: routes/renderCatalog/cssRules; data-/schema-inventory.json,Quellcode + fachlicher Integrationstest + gerenderte Geometrie/Interaktion soweit einschlägig,TC-V22.1-10-07,Offene Bestände nicht in historische Balken verteilen,Keine vollständige Erfüllung/Abnahme für diese Gesamtanforderung nachgewiesen. Teilnachweise dürfen nicht als Vollabnahme gelten.,report.md; root-causes.json; route-states.json,Nicht bestanden
V22.1-11-01,11,Cockpit für KMU kein POS Monitoring,/dashboard,Offener Folgeschritt im verbindlichen Gesamtauftrag; siehe Root-Cause-/Phasenbericht.,source-inventory.json.gz: routes/renderCatalog/cssRules; data-/schema-inventory.json,Quellcode + fachlicher Integrationstest + gerenderte Geometrie/Interaktion soweit einschlägig,TC-V22.1-11-01,Cockpit für KMU kein POS Monitoring,Keine vollständige Erfüllung/Abnahme für diese Gesamtanforderung nachgewiesen. Teilnachweise dürfen nicht als Vollabnahme gelten.,report.md; root-causes.json; route-states.json,Nicht bestanden
V22.1-11-02,11,Übersicht Reihenfolge Header Titel Erstellaktion Finanzstatistik Handlungsbedarf zuletzt bearbeitet,/dashboard,"Neue Reihenfolge/3 Werte/dunkle gruppierte Säulen; CHF erfasste Zahlungen statt Gewinnbehauptung, keine Schnellaktionsleiste.",components/pages/dashboard.tsx:14; components/cash-statistics.tsx:5,Quellcode + fachlicher Integrationstest + gerenderte Geometrie/Interaktion soweit einschlägig,TC-V22.1-11-02,Übersicht Reihenfolge Header Titel Erstellaktion Finanzstatistik Handlungsbedarf zuletzt bearbeitet,"Neue Reihenfolge/3 Werte/dunkle gruppierte Säulen; CHF erfasste Zahlungen statt Gewinnbehauptung, keine Schnellaktionsleiste.",88 Chromium-Kombinationen + statistics-test.mjs,Bestanden
V22.1-11-03,11,Keine zweite grosse Schnellaktionsleiste,/dashboard,"Neue Reihenfolge/3 Werte/dunkle gruppierte Säulen; CHF erfasste Zahlungen statt Gewinnbehauptung, keine Schnellaktionsleiste.",components/pages/dashboard.tsx:14; components/cash-statistics.tsx:5,Quellcode + fachlicher Integrationstest + gerenderte Geometrie/Interaktion soweit einschlägig,TC-V22.1-11-03,Keine zweite grosse Schnellaktionsleiste,"Neue Reihenfolge/3 Werte/dunkle gruppierte Säulen; CHF erfasste Zahlungen statt Gewinnbehauptung, keine Schnellaktionsleiste.",88 Chromium-Kombinationen + statistics-test.mjs,Bestanden
V22.1-11-04,11,Exakt Einnahmen Ausgaben Ergebnis,/dashboard,"Neue Reihenfolge/3 Werte/dunkle gruppierte Säulen; CHF erfasste Zahlungen statt Gewinnbehauptung, keine Schnellaktionsleiste.",components/pages/dashboard.tsx:14; components/cash-statistics.tsx:5,Quellcode + fachlicher Integrationstest + gerenderte Geometrie/Interaktion soweit einschlägig,TC-V22.1-11-04,Exakt Einnahmen Ausgaben Ergebnis,"Neue Reihenfolge/3 Werte/dunkle gruppierte Säulen; CHF erfasste Zahlungen statt Gewinnbehauptung, keine Schnellaktionsleiste.",88 Chromium-Kombinationen + statistics-test.mjs,Bestanden
V22.1-11-05,11,Diagramm grüne Einnahmen rote Ausgaben,/dashboard,"Neue Reihenfolge/3 Werte/dunkle gruppierte Säulen; CHF erfasste Zahlungen statt Gewinnbehauptung, keine Schnellaktionsleiste.",components/pages/dashboard.tsx:14; components/cash-statistics.tsx:5,Quellcode + fachlicher Integrationstest + gerenderte Geometrie/Interaktion soweit einschlägig,TC-V22.1-11-05,Diagramm grüne Einnahmen rote Ausgaben,"Neue Reihenfolge/3 Werte/dunkle gruppierte Säulen; CHF erfasste Zahlungen statt Gewinnbehauptung, keine Schnellaktionsleiste.",88 Chromium-Kombinationen + statistics-test.mjs,Bestanden
V22.1-11-06,11,Ergebnis tatsächliche Einnahmen minus Ausgaben,/dashboard,Offener Folgeschritt im verbindlichen Gesamtauftrag; siehe Root-Cause-/Phasenbericht.,source-inventory.json.gz: routes/renderCatalog/cssRules; data-/schema-inventory.json,Quellcode + fachlicher Integrationstest + gerenderte Geometrie/Interaktion soweit einschlägig,TC-V22.1-11-06,Ergebnis tatsächliche Einnahmen minus Ausgaben,Keine vollständige Erfüllung/Abnahme für diese Gesamtanforderung nachgewiesen. Teilnachweise dürfen nicht als Vollabnahme gelten.,report.md; root-causes.json; route-states.json,Nicht bestanden
V22.1-11-07,11,Kein buchhalterischer Gewinn behauptet,/dashboard,"Neue Reihenfolge/3 Werte/dunkle gruppierte Säulen; CHF erfasste Zahlungen statt Gewinnbehauptung, keine Schnellaktionsleiste.",components/pages/dashboard.tsx:14; components/cash-statistics.tsx:5,Quellcode + fachlicher Integrationstest + gerenderte Geometrie/Interaktion soweit einschlägig,TC-V22.1-11-07,Kein buchhalterischer Gewinn behauptet,"Neue Reihenfolge/3 Werte/dunkle gruppierte Säulen; CHF erfasste Zahlungen statt Gewinnbehauptung, keine Schnellaktionsleiste.",88 Chromium-Kombinationen + statistics-test.mjs,Bestanden
V22.1-11-08,11,Default sechs Monate sofern sinnvoll,/dashboard,"Neue Reihenfolge/3 Werte/dunkle gruppierte Säulen; CHF erfasste Zahlungen statt Gewinnbehauptung, keine Schnellaktionsleiste.",components/pages/dashboard.tsx:14; components/cash-statistics.tsx:5,Quellcode + fachlicher Integrationstest + gerenderte Geometrie/Interaktion soweit einschlägig,TC-V22.1-11-08,Default sechs Monate sofern sinnvoll,"Neue Reihenfolge/3 Werte/dunkle gruppierte Säulen; CHF erfasste Zahlungen statt Gewinnbehauptung, keine Schnellaktionsleiste.",88 Chromium-Kombinationen + statistics-test.mjs,Bestanden
V22.1-11-09,11,Nur relevante bearbeitbare belegte Warnungen,/dashboard,Offener Folgeschritt im verbindlichen Gesamtauftrag; siehe Root-Cause-/Phasenbericht.,source-inventory.json.gz: routes/renderCatalog/cssRules; data-/schema-inventory.json,Quellcode + fachlicher Integrationstest + gerenderte Geometrie/Interaktion soweit einschlägig,TC-V22.1-11-09,Nur relevante bearbeitbare belegte Warnungen,Keine vollständige Erfüllung/Abnahme für diese Gesamtanforderung nachgewiesen. Teilnachweise dürfen nicht als Vollabnahme gelten.,report.md; root-causes.json; route-states.json,Nicht bestanden
V22.1-11-10,11,Offene Angebote nicht automatisch kritisch,/dashboard,"Neue Reihenfolge/3 Werte/dunkle gruppierte Säulen; CHF erfasste Zahlungen statt Gewinnbehauptung, keine Schnellaktionsleiste.",components/pages/dashboard.tsx:14; components/cash-statistics.tsx:5,Quellcode + fachlicher Integrationstest + gerenderte Geometrie/Interaktion soweit einschlägig,TC-V22.1-11-10,Offene Angebote nicht automatisch kritisch,"Neue Reihenfolge/3 Werte/dunkle gruppierte Säulen; CHF erfasste Zahlungen statt Gewinnbehauptung, keine Schnellaktionsleiste.",88 Chromium-Kombinationen + statistics-test.mjs,Bestanden
V22.1-11-11,11,Ruhiger Leerzustand bei keinem Handlungsbedarf,/dashboard,"Neue Reihenfolge/3 Werte/dunkle gruppierte Säulen; CHF erfasste Zahlungen statt Gewinnbehauptung, keine Schnellaktionsleiste.",components/pages/dashboard.tsx:14; components/cash-statistics.tsx:5,Quellcode + fachlicher Integrationstest + gerenderte Geometrie/Interaktion soweit einschlägig,TC-V22.1-11-11,Ruhiger Leerzustand bei keinem Handlungsbedarf,"Neue Reihenfolge/3 Werte/dunkle gruppierte Säulen; CHF erfasste Zahlungen statt Gewinnbehauptung, keine Schnellaktionsleiste.",88 Chromium-Kombinationen + statistics-test.mjs,Bestanden
V22.1-11-12,11,Zuletzt bearbeitet real vorhanden berechtigt,/dashboard,Offener Folgeschritt im verbindlichen Gesamtauftrag; siehe Root-Cause-/Phasenbericht.,source-inventory.json.gz: routes/renderCatalog/cssRules; data-/schema-inventory.json,Quellcode + fachlicher Integrationstest + gerenderte Geometrie/Interaktion soweit einschlägig,TC-V22.1-11-12,Zuletzt bearbeitet real vorhanden berechtigt,Keine vollständige Erfüllung/Abnahme für diese Gesamtanforderung nachgewiesen. Teilnachweise dürfen nicht als Vollabnahme gelten.,report.md; root-causes.json; route-states.json,Nicht bestanden
V22.1-11-13,11,Keine produktiven Demo Platzhalterdaten,/dashboard,Offener Folgeschritt im verbindlichen Gesamtauftrag; siehe Root-Cause-/Phasenbericht.,source-inventory.json.gz: routes/renderCatalog/cssRules; data-/schema-inventory.json,Quellcode + fachlicher Integrationstest + gerenderte Geometrie/Interaktion soweit einschlägig,TC-V22.1-11-13,Keine produktiven Demo Platzhalterdaten,Keine vollständige Erfüllung/Abnahme für diese Gesamtanforderung nachgewiesen. Teilnachweise dürfen nicht als Vollabnahme gelten.,report.md; root-causes.json; route-states.json,Nicht bestanden
V22.1-11-14,11,Responsive Reihenfolge Grid,/dashboard,"Neue Reihenfolge/3 Werte/dunkle gruppierte Säulen; CHF erfasste Zahlungen statt Gewinnbehauptung, keine Schnellaktionsleiste.",components/pages/dashboard.tsx:14; components/cash-statistics.tsx:5,Quellcode + fachlicher Integrationstest + gerenderte Geometrie/Interaktion soweit einschlägig,TC-V22.1-11-14,Responsive Reihenfolge Grid,"Neue Reihenfolge/3 Werte/dunkle gruppierte Säulen; CHF erfasste Zahlungen statt Gewinnbehauptung, keine Schnellaktionsleiste.",88 Chromium-Kombinationen + statistics-test.mjs,Bestanden
V22.1-12-01,12,Kunden Titel und kompakte Anzahl links,/kunden,Offener Folgeschritt im verbindlichen Gesamtauftrag; siehe Root-Cause-/Phasenbericht.,source-inventory.json.gz: routes/renderCatalog/cssRules; data-/schema-inventory.json,Quellcode + fachlicher Integrationstest + gerenderte Geometrie/Interaktion soweit einschlägig,TC-V22.1-12-01,Kunden Titel und kompakte Anzahl links,Keine vollständige Erfüllung/Abnahme für diese Gesamtanforderung nachgewiesen. Teilnachweise dürfen nicht als Vollabnahme gelten.,report.md; root-causes.json; route-states.json,Nicht bestanden
V22.1-12-02,12,Kunden Header Suche Filter Plus genau diese Reihenfolge,/kunden,Offener Folgeschritt im verbindlichen Gesamtauftrag; siehe Root-Cause-/Phasenbericht.,source-inventory.json.gz: routes/renderCatalog/cssRules; data-/schema-inventory.json,Quellcode + fachlicher Integrationstest + gerenderte Geometrie/Interaktion soweit einschlägig,TC-V22.1-12-02,Kunden Header Suche Filter Plus genau diese Reihenfolge,Keine vollständige Erfüllung/Abnahme für diese Gesamtanforderung nachgewiesen. Teilnachweise dürfen nicht als Vollabnahme gelten.,report.md; root-causes.json; route-states.json,Nicht bestanden
V22.1-12-03,12,Lupe Filter ohne sichtbaren Hintergrundkasten,/kunden,Offener Folgeschritt im verbindlichen Gesamtauftrag; siehe Root-Cause-/Phasenbericht.,source-inventory.json.gz: routes/renderCatalog/cssRules; data-/schema-inventory.json,Quellcode + fachlicher Integrationstest + gerenderte Geometrie/Interaktion soweit einschlägig,TC-V22.1-12-03,Lupe Filter ohne sichtbaren Hintergrundkasten,Keine vollständige Erfüllung/Abnahme für diese Gesamtanforderung nachgewiesen. Teilnachweise dürfen nicht als Vollabnahme gelten.,report.md; root-causes.json; route-states.json,Nicht bestanden
V22.1-12-04,12,Zentrale Create Action Icon Touchgrössen,/kunden,Offener Folgeschritt im verbindlichen Gesamtauftrag; siehe Root-Cause-/Phasenbericht.,source-inventory.json.gz: routes/renderCatalog/cssRules; data-/schema-inventory.json,Quellcode + fachlicher Integrationstest + gerenderte Geometrie/Interaktion soweit einschlägig,TC-V22.1-12-04,Zentrale Create Action Icon Touchgrössen,Keine vollständige Erfüllung/Abnahme für diese Gesamtanforderung nachgewiesen. Teilnachweise dürfen nicht als Vollabnahme gelten.,report.md; root-causes.json; route-states.json,Nicht bestanden
V22.1-12-05,12,Keine Alle Aktiv Inaktiv Status-Tabs,/kunden,Offener Folgeschritt im verbindlichen Gesamtauftrag; siehe Root-Cause-/Phasenbericht.,source-inventory.json.gz: routes/renderCatalog/cssRules; data-/schema-inventory.json,Quellcode + fachlicher Integrationstest + gerenderte Geometrie/Interaktion soweit einschlägig,TC-V22.1-12-05,Keine Alle Aktiv Inaktiv Status-Tabs,Keine vollständige Erfüllung/Abnahme für diese Gesamtanforderung nachgewiesen. Teilnachweise dürfen nicht als Vollabnahme gelten.,report.md; root-causes.json; route-states.json,Nicht bestanden
V22.1-12-06,12,Keine globalen Kontakte-Tabs,/kunden,Offener Folgeschritt im verbindlichen Gesamtauftrag; siehe Root-Cause-/Phasenbericht.,source-inventory.json.gz: routes/renderCatalog/cssRules; data-/schema-inventory.json,Quellcode + fachlicher Integrationstest + gerenderte Geometrie/Interaktion soweit einschlägig,TC-V22.1-12-06,Keine globalen Kontakte-Tabs,Keine vollständige Erfüllung/Abnahme für diese Gesamtanforderung nachgewiesen. Teilnachweise dürfen nicht als Vollabnahme gelten.,report.md; root-causes.json; route-states.json,Nicht bestanden
V22.1-12-07,12,Kundenzeile Avatar Name Zusatzinfos Status Navigationsindikator,/kunden,Offener Folgeschritt im verbindlichen Gesamtauftrag; siehe Root-Cause-/Phasenbericht.,source-inventory.json.gz: routes/renderCatalog/cssRules; data-/schema-inventory.json,Quellcode + fachlicher Integrationstest + gerenderte Geometrie/Interaktion soweit einschlägig,TC-V22.1-12-07,Kundenzeile Avatar Name Zusatzinfos Status Navigationsindikator,Keine vollständige Erfüllung/Abnahme für diese Gesamtanforderung nachgewiesen. Teilnachweise dürfen nicht als Vollabnahme gelten.,report.md; root-causes.json; route-states.json,Nicht bestanden
V22.1-12-08,12,Kompakte konsistente Dichte,/kunden,Offener Folgeschritt im verbindlichen Gesamtauftrag; siehe Root-Cause-/Phasenbericht.,source-inventory.json.gz: routes/renderCatalog/cssRules; data-/schema-inventory.json,Quellcode + fachlicher Integrationstest + gerenderte Geometrie/Interaktion soweit einschlägig,TC-V22.1-12-08,Kompakte konsistente Dichte,Keine vollständige Erfüllung/Abnahme für diese Gesamtanforderung nachgewiesen. Teilnachweise dürfen nicht als Vollabnahme gelten.,report.md; root-causes.json; route-states.json,Nicht bestanden
V22.1-12-09,12,Keine Einzelkarten oder Doppeldivider,/kunden,Offener Folgeschritt im verbindlichen Gesamtauftrag; siehe Root-Cause-/Phasenbericht.,source-inventory.json.gz: routes/renderCatalog/cssRules; data-/schema-inventory.json,Quellcode + fachlicher Integrationstest + gerenderte Geometrie/Interaktion soweit einschlägig,TC-V22.1-12-09,Keine Einzelkarten oder Doppeldivider,Keine vollständige Erfüllung/Abnahme für diese Gesamtanforderung nachgewiesen. Teilnachweise dürfen nicht als Vollabnahme gelten.,report.md; root-causes.json; route-states.json,Nicht bestanden
V22.1-13-01,13,Kundenliste Kunde Kundendetail Hierarchie erhalten,/kunden/[id],Offener Folgeschritt im verbindlichen Gesamtauftrag; siehe Root-Cause-/Phasenbericht.,source-inventory.json.gz: routes/renderCatalog/cssRules; data-/schema-inventory.json,Quellcode + fachlicher Integrationstest + gerenderte Geometrie/Interaktion soweit einschlägig,TC-V22.1-13-01,Kundenliste Kunde Kundendetail Hierarchie erhalten,Keine vollständige Erfüllung/Abnahme für diese Gesamtanforderung nachgewiesen. Teilnachweise dürfen nicht als Vollabnahme gelten.,report.md; root-causes.json; route-states.json,Nicht bestanden
V22.1-13-02,13,Zentraler Detailheader ohne doppelte Aktionen,/kunden/[id],Offener Folgeschritt im verbindlichen Gesamtauftrag; siehe Root-Cause-/Phasenbericht.,source-inventory.json.gz: routes/renderCatalog/cssRules; data-/schema-inventory.json,Quellcode + fachlicher Integrationstest + gerenderte Geometrie/Interaktion soweit einschlägig,TC-V22.1-13-02,Zentraler Detailheader ohne doppelte Aktionen,Keine vollständige Erfüllung/Abnahme für diese Gesamtanforderung nachgewiesen. Teilnachweise dürfen nicht als Vollabnahme gelten.,report.md; root-causes.json; route-states.json,Nicht bestanden
V22.1-13-03,13,Vier Tabs Übersicht Kontakte Finanzen Aktivität erhalten,/kunden/[id],"Vier Originaltabs; neue Statistik periodisiert Zahlung/Fakturierung/Anzahl, währungsgetrennt; alte Overview-KPIs entfernt.",components/pages/customers.tsx:22; lib/server/repositories/customer-workspace.ts:11; components/pages/finance.tsx:15,Quellcode + fachlicher Integrationstest + gerenderte Geometrie/Interaktion soweit einschlägig,TC-V22.1-13-03,Vier Tabs Übersicht Kontakte Finanzen Aktivität erhalten,"Vier Originaltabs; neue Statistik periodisiert Zahlung/Fakturierung/Anzahl, währungsgetrennt; alte Overview-KPIs entfernt.",88 Chromium-Kombinationen + migration-test.mjs,Bestanden
V22.1-13-04,13,Keine Umbenennung Vorgänge Dokumente,/kunden/[id],"Vier Originaltabs; neue Statistik periodisiert Zahlung/Fakturierung/Anzahl, währungsgetrennt; alte Overview-KPIs entfernt.",components/pages/customers.tsx:22; lib/server/repositories/customer-workspace.ts:11; components/pages/finance.tsx:15,Quellcode + fachlicher Integrationstest + gerenderte Geometrie/Interaktion soweit einschlägig,TC-V22.1-13-04,Keine Umbenennung Vorgänge Dokumente,"Vier Originaltabs; neue Statistik periodisiert Zahlung/Fakturierung/Anzahl, währungsgetrennt; alte Overview-KPIs entfernt.",88 Chromium-Kombinationen + migration-test.mjs,Bestanden
V22.1-13-05,13,Overview Titel Status Tabs Statistik Stammdaten Reihenfolge,/kunden/[id],"Vier Originaltabs; neue Statistik periodisiert Zahlung/Fakturierung/Anzahl, währungsgetrennt; alte Overview-KPIs entfernt.",components/pages/customers.tsx:22; lib/server/repositories/customer-workspace.ts:11; components/pages/finance.tsx:15,Quellcode + fachlicher Integrationstest + gerenderte Geometrie/Interaktion soweit einschlägig,TC-V22.1-13-05,Overview Titel Status Tabs Statistik Stammdaten Reihenfolge,"Vier Originaltabs; neue Statistik periodisiert Zahlung/Fakturierung/Anzahl, währungsgetrennt; alte Overview-KPIs entfernt.",88 Chromium-Kombinationen + migration-test.mjs,Bestanden
V22.1-13-06,13,Drei fachlich begründete Kundenkennzahlen,/kunden/[id],"Vier Originaltabs; neue Statistik periodisiert Zahlung/Fakturierung/Anzahl, währungsgetrennt; alte Overview-KPIs entfernt.",components/pages/customers.tsx:22; lib/server/repositories/customer-workspace.ts:11; components/pages/finance.tsx:15,Quellcode + fachlicher Integrationstest + gerenderte Geometrie/Interaktion soweit einschlägig,TC-V22.1-13-06,Drei fachlich begründete Kundenkennzahlen,"Vier Originaltabs; neue Statistik periodisiert Zahlung/Fakturierung/Anzahl, währungsgetrennt; alte Overview-KPIs entfernt.",88 Chromium-Kombinationen + migration-test.mjs,Bestanden
V22.1-13-07,13,Zeitraumzahlungen korrekt,/kunden/[id],"Vier Originaltabs; neue Statistik periodisiert Zahlung/Fakturierung/Anzahl, währungsgetrennt; alte Overview-KPIs entfernt.",components/pages/customers.tsx:22; lib/server/repositories/customer-workspace.ts:11; components/pages/finance.tsx:15,Quellcode + fachlicher Integrationstest + gerenderte Geometrie/Interaktion soweit einschlägig,TC-V22.1-13-07,Zeitraumzahlungen korrekt,"Vier Originaltabs; neue Statistik periodisiert Zahlung/Fakturierung/Anzahl, währungsgetrennt; alte Overview-KPIs entfernt.",88 Chromium-Kombinationen + migration-test.mjs,Bestanden
V22.1-13-08,13,Fakturiert oder offener Bestand eindeutig beschriftet,/kunden/[id],"Vier Originaltabs; neue Statistik periodisiert Zahlung/Fakturierung/Anzahl, währungsgetrennt; alte Overview-KPIs entfernt.",components/pages/customers.tsx:22; lib/server/repositories/customer-workspace.ts:11; components/pages/finance.tsx:15,Quellcode + fachlicher Integrationstest + gerenderte Geometrie/Interaktion soweit einschlägig,TC-V22.1-13-08,Fakturiert oder offener Bestand eindeutig beschriftet,"Vier Originaltabs; neue Statistik periodisiert Zahlung/Fakturierung/Anzahl, währungsgetrennt; alte Overview-KPIs entfernt.",88 Chromium-Kombinationen + migration-test.mjs,Bestanden
V22.1-13-09,13,Rechnungszahl sinnvoll,/kunden/[id],"Vier Originaltabs; neue Statistik periodisiert Zahlung/Fakturierung/Anzahl, währungsgetrennt; alte Overview-KPIs entfernt.",components/pages/customers.tsx:22; lib/server/repositories/customer-workspace.ts:11; components/pages/finance.tsx:15,Quellcode + fachlicher Integrationstest + gerenderte Geometrie/Interaktion soweit einschlägig,TC-V22.1-13-09,Rechnungszahl sinnvoll,"Vier Originaltabs; neue Statistik periodisiert Zahlung/Fakturierung/Anzahl, währungsgetrennt; alte Overview-KPIs entfernt.",88 Chromium-Kombinationen + migration-test.mjs,Bestanden
V22.1-13-10,13,Zeitbalken nur vergleichbare periodisierte Werte,/kunden/[id],"Vier Originaltabs; neue Statistik periodisiert Zahlung/Fakturierung/Anzahl, währungsgetrennt; alte Overview-KPIs entfernt.",components/pages/customers.tsx:22; lib/server/repositories/customer-workspace.ts:11; components/pages/finance.tsx:15,Quellcode + fachlicher Integrationstest + gerenderte Geometrie/Interaktion soweit einschlägig,TC-V22.1-13-10,Zeitbalken nur vergleichbare periodisierte Werte,"Vier Originaltabs; neue Statistik periodisiert Zahlung/Fakturierung/Anzahl, währungsgetrennt; alte Overview-KPIs entfernt.",88 Chromium-Kombinationen + migration-test.mjs,Bestanden
V22.1-13-11,13,Keine Bestandsforderung ohne Stichtag in Balken,/kunden/[id],"Vier Originaltabs; neue Statistik periodisiert Zahlung/Fakturierung/Anzahl, währungsgetrennt; alte Overview-KPIs entfernt.",components/pages/customers.tsx:22; lib/server/repositories/customer-workspace.ts:11; components/pages/finance.tsx:15,Quellcode + fachlicher Integrationstest + gerenderte Geometrie/Interaktion soweit einschlägig,TC-V22.1-13-11,Keine Bestandsforderung ohne Stichtag in Balken,"Vier Originaltabs; neue Statistik periodisiert Zahlung/Fakturierung/Anzahl, währungsgetrennt; alte Overview-KPIs entfernt.",88 Chromium-Kombinationen + migration-test.mjs,Bestanden
V22.1-13-12,13,Keine alte externe Text KPI Reihe,/kunden/[id],"Vier Originaltabs; neue Statistik periodisiert Zahlung/Fakturierung/Anzahl, währungsgetrennt; alte Overview-KPIs entfernt.",components/pages/customers.tsx:22; lib/server/repositories/customer-workspace.ts:11; components/pages/finance.tsx:15,Quellcode + fachlicher Integrationstest + gerenderte Geometrie/Interaktion soweit einschlägig,TC-V22.1-13-12,Keine alte externe Text KPI Reihe,"Vier Originaltabs; neue Statistik periodisiert Zahlung/Fakturierung/Anzahl, währungsgetrennt; alte Overview-KPIs entfernt.",88 Chromium-Kombinationen + migration-test.mjs,Bestanden
V22.1-13-13,13,Stammdaten Grunddaten Kontakt E-Mail Telefon Adresse UID MWST,/kunden/[id],Offener Folgeschritt im verbindlichen Gesamtauftrag; siehe Root-Cause-/Phasenbericht.,source-inventory.json.gz: routes/renderCatalog/cssRules; data-/schema-inventory.json,Quellcode + fachlicher Integrationstest + gerenderte Geometrie/Interaktion soweit einschlägig,TC-V22.1-13-13,Stammdaten Grunddaten Kontakt E-Mail Telefon Adresse UID MWST,Keine vollständige Erfüllung/Abnahme für diese Gesamtanforderung nachgewiesen. Teilnachweise dürfen nicht als Vollabnahme gelten.,report.md; root-causes.json; route-states.json,Nicht bestanden
V22.1-13-14,13,Label Value gemeinsames Raster,/kunden/[id],Offener Folgeschritt im verbindlichen Gesamtauftrag; siehe Root-Cause-/Phasenbericht.,source-inventory.json.gz: routes/renderCatalog/cssRules; data-/schema-inventory.json,Quellcode + fachlicher Integrationstest + gerenderte Geometrie/Interaktion soweit einschlägig,TC-V22.1-13-14,Label Value gemeinsames Raster,Keine vollständige Erfüllung/Abnahme für diese Gesamtanforderung nachgewiesen. Teilnachweise dürfen nicht als Vollabnahme gelten.,report.md; root-causes.json; route-states.json,Nicht bestanden
V22.1-13-15,13,Borderless zentrale Section Divider,/kunden/[id],Offener Folgeschritt im verbindlichen Gesamtauftrag; siehe Root-Cause-/Phasenbericht.,source-inventory.json.gz: routes/renderCatalog/cssRules; data-/schema-inventory.json,Quellcode + fachlicher Integrationstest + gerenderte Geometrie/Interaktion soweit einschlägig,TC-V22.1-13-15,Borderless zentrale Section Divider,Keine vollständige Erfüllung/Abnahme für diese Gesamtanforderung nachgewiesen. Teilnachweise dürfen nicht als Vollabnahme gelten.,report.md; root-causes.json; route-states.json,Nicht bestanden
V22.1-13-16,13,Kontakte nur dieses Kunden,/kunden/[id],Offener Folgeschritt im verbindlichen Gesamtauftrag; siehe Root-Cause-/Phasenbericht.,source-inventory.json.gz: routes/renderCatalog/cssRules; data-/schema-inventory.json,Quellcode + fachlicher Integrationstest + gerenderte Geometrie/Interaktion soweit einschlägig,TC-V22.1-13-16,Kontakte nur dieses Kunden,Keine vollständige Erfüllung/Abnahme für diese Gesamtanforderung nachgewiesen. Teilnachweise dürfen nicht als Vollabnahme gelten.,report.md; root-causes.json; route-states.json,Nicht bestanden
V22.1-13-17,13,Finanzen nur dieses Kunden,/kunden/[id],Offener Folgeschritt im verbindlichen Gesamtauftrag; siehe Root-Cause-/Phasenbericht.,source-inventory.json.gz: routes/renderCatalog/cssRules; data-/schema-inventory.json,Quellcode + fachlicher Integrationstest + gerenderte Geometrie/Interaktion soweit einschlägig,TC-V22.1-13-17,Finanzen nur dieses Kunden,Keine vollständige Erfüllung/Abnahme für diese Gesamtanforderung nachgewiesen. Teilnachweise dürfen nicht als Vollabnahme gelten.,report.md; root-causes.json; route-states.json,Nicht bestanden
V22.1-13-18,13,Aktivität reale Historie,/kunden/[id],Offener Folgeschritt im verbindlichen Gesamtauftrag; siehe Root-Cause-/Phasenbericht.,source-inventory.json.gz: routes/renderCatalog/cssRules; data-/schema-inventory.json,Quellcode + fachlicher Integrationstest + gerenderte Geometrie/Interaktion soweit einschlägig,TC-V22.1-13-18,Aktivität reale Historie,Keine vollständige Erfüllung/Abnahme für diese Gesamtanforderung nachgewiesen. Teilnachweise dürfen nicht als Vollabnahme gelten.,report.md; root-causes.json; route-states.json,Nicht bestanden
V22.1-13-19,13,Listen Suche Filter Sort Navigation wo sinnvoll,/kunden/[id],Offener Folgeschritt im verbindlichen Gesamtauftrag; siehe Root-Cause-/Phasenbericht.,source-inventory.json.gz: routes/renderCatalog/cssRules; data-/schema-inventory.json,Quellcode + fachlicher Integrationstest + gerenderte Geometrie/Interaktion soweit einschlägig,TC-V22.1-13-19,Listen Suche Filter Sort Navigation wo sinnvoll,Keine vollständige Erfüllung/Abnahme für diese Gesamtanforderung nachgewiesen. Teilnachweise dürfen nicht als Vollabnahme gelten.,report.md; root-causes.json; route-states.json,Nicht bestanden
V22.1-14-01,14,Geeignete bestehende Statistikbereiche vollständig inventarisieren,Finanzen/Rechnungen/Angebote/Kunden/Projekte/Zeit/Spesen/Mitarbeiter,Offener Folgeschritt im verbindlichen Gesamtauftrag; siehe Root-Cause-/Phasenbericht.,source-inventory.json.gz: routes/renderCatalog/cssRules; data-/schema-inventory.json,Quellcode + fachlicher Integrationstest + gerenderte Geometrie/Interaktion soweit einschlägig,TC-V22.1-14-01,Geeignete bestehende Statistikbereiche vollständig inventarisieren,Keine vollständige Erfüllung/Abnahme für diese Gesamtanforderung nachgewiesen. Teilnachweise dürfen nicht als Vollabnahme gelten.,report.md; root-causes.json; route-states.json,Nicht bestanden
V22.1-14-02,14,Finanzen migrieren,Finanzen/Rechnungen/Angebote/Kunden/Projekte/Zeit/Spesen/Mitarbeiter,"Vier Originaltabs; neue Statistik periodisiert Zahlung/Fakturierung/Anzahl, währungsgetrennt; alte Overview-KPIs entfernt.",components/pages/customers.tsx:22; lib/server/repositories/customer-workspace.ts:11; components/pages/finance.tsx:15,Quellcode + fachlicher Integrationstest + gerenderte Geometrie/Interaktion soweit einschlägig,TC-V22.1-14-02,Finanzen migrieren,"Vier Originaltabs; neue Statistik periodisiert Zahlung/Fakturierung/Anzahl, währungsgetrennt; alte Overview-KPIs entfernt.",88 Chromium-Kombinationen + migration-test.mjs,Bestanden
V22.1-14-03,14,Rechnungen migrieren wo geeignet,Finanzen/Rechnungen/Angebote/Kunden/Projekte/Zeit/Spesen/Mitarbeiter,Offener Folgeschritt im verbindlichen Gesamtauftrag; siehe Root-Cause-/Phasenbericht.,source-inventory.json.gz: routes/renderCatalog/cssRules; data-/schema-inventory.json,Quellcode + fachlicher Integrationstest + gerenderte Geometrie/Interaktion soweit einschlägig,TC-V22.1-14-03,Rechnungen migrieren wo geeignet,Keine vollständige Erfüllung/Abnahme für diese Gesamtanforderung nachgewiesen. Teilnachweise dürfen nicht als Vollabnahme gelten.,report.md; root-causes.json; route-states.json,Nicht bestanden
V22.1-14-04,14,Angebote migrieren wo geeignet,Finanzen/Rechnungen/Angebote/Kunden/Projekte/Zeit/Spesen/Mitarbeiter,Offener Folgeschritt im verbindlichen Gesamtauftrag; siehe Root-Cause-/Phasenbericht.,source-inventory.json.gz: routes/renderCatalog/cssRules; data-/schema-inventory.json,Quellcode + fachlicher Integrationstest + gerenderte Geometrie/Interaktion soweit einschlägig,TC-V22.1-14-04,Angebote migrieren wo geeignet,Keine vollständige Erfüllung/Abnahme für diese Gesamtanforderung nachgewiesen. Teilnachweise dürfen nicht als Vollabnahme gelten.,report.md; root-causes.json; route-states.json,Nicht bestanden
V22.1-14-05,14,Kunden migrieren,Finanzen/Rechnungen/Angebote/Kunden/Projekte/Zeit/Spesen/Mitarbeiter,"Vier Originaltabs; neue Statistik periodisiert Zahlung/Fakturierung/Anzahl, währungsgetrennt; alte Overview-KPIs entfernt.",components/pages/customers.tsx:22; lib/server/repositories/customer-workspace.ts:11; components/pages/finance.tsx:15,Quellcode + fachlicher Integrationstest + gerenderte Geometrie/Interaktion soweit einschlägig,TC-V22.1-14-05,Kunden migrieren,"Vier Originaltabs; neue Statistik periodisiert Zahlung/Fakturierung/Anzahl, währungsgetrennt; alte Overview-KPIs entfernt.",88 Chromium-Kombinationen + migration-test.mjs,Bestanden
V22.1-14-06,14,Projekte migrieren wo geeignet,Finanzen/Rechnungen/Angebote/Kunden/Projekte/Zeit/Spesen/Mitarbeiter,Offener Folgeschritt im verbindlichen Gesamtauftrag; siehe Root-Cause-/Phasenbericht.,source-inventory.json.gz: routes/renderCatalog/cssRules; data-/schema-inventory.json,Quellcode + fachlicher Integrationstest + gerenderte Geometrie/Interaktion soweit einschlägig,TC-V22.1-14-06,Projekte migrieren wo geeignet,Keine vollständige Erfüllung/Abnahme für diese Gesamtanforderung nachgewiesen. Teilnachweise dürfen nicht als Vollabnahme gelten.,report.md; root-causes.json; route-states.json,Nicht bestanden
V22.1-14-07,14,Zeit migrieren wo geeignet,Finanzen/Rechnungen/Angebote/Kunden/Projekte/Zeit/Spesen/Mitarbeiter,Offener Folgeschritt im verbindlichen Gesamtauftrag; siehe Root-Cause-/Phasenbericht.,source-inventory.json.gz: routes/renderCatalog/cssRules; data-/schema-inventory.json,Quellcode + fachlicher Integrationstest + gerenderte Geometrie/Interaktion soweit einschlägig,TC-V22.1-14-07,Zeit migrieren wo geeignet,Keine vollständige Erfüllung/Abnahme für diese Gesamtanforderung nachgewiesen. Teilnachweise dürfen nicht als Vollabnahme gelten.,report.md; root-causes.json; route-states.json,Nicht bestanden
V22.1-14-08,14,Spesen migrieren wo geeignet,Finanzen/Rechnungen/Angebote/Kunden/Projekte/Zeit/Spesen/Mitarbeiter,Offener Folgeschritt im verbindlichen Gesamtauftrag; siehe Root-Cause-/Phasenbericht.,source-inventory.json.gz: routes/renderCatalog/cssRules; data-/schema-inventory.json,Quellcode + fachlicher Integrationstest + gerenderte Geometrie/Interaktion soweit einschlägig,TC-V22.1-14-08,Spesen migrieren wo geeignet,Keine vollständige Erfüllung/Abnahme für diese Gesamtanforderung nachgewiesen. Teilnachweise dürfen nicht als Vollabnahme gelten.,report.md; root-causes.json; route-states.json,Nicht bestanden
V22.1-14-09,14,Mitarbeiter Auswertungen migrieren wo vorhanden,Finanzen/Rechnungen/Angebote/Kunden/Projekte/Zeit/Spesen/Mitarbeiter,Offener Folgeschritt im verbindlichen Gesamtauftrag; siehe Root-Cause-/Phasenbericht.,source-inventory.json.gz: routes/renderCatalog/cssRules; data-/schema-inventory.json,Quellcode + fachlicher Integrationstest + gerenderte Geometrie/Interaktion soweit einschlägig,TC-V22.1-14-09,Mitarbeiter Auswertungen migrieren wo vorhanden,Keine vollständige Erfüllung/Abnahme für diese Gesamtanforderung nachgewiesen. Teilnachweise dürfen nicht als Vollabnahme gelten.,report.md; root-causes.json; route-states.json,Nicht bestanden
V22.1-14-10,14,Weitere vorhandene Statistikseiten migrieren,Finanzen/Rechnungen/Angebote/Kunden/Projekte/Zeit/Spesen/Mitarbeiter,Offener Folgeschritt im verbindlichen Gesamtauftrag; siehe Root-Cause-/Phasenbericht.,source-inventory.json.gz: routes/renderCatalog/cssRules; data-/schema-inventory.json,Quellcode + fachlicher Integrationstest + gerenderte Geometrie/Interaktion soweit einschlägig,TC-V22.1-14-10,Weitere vorhandene Statistikseiten migrieren,Keine vollständige Erfüllung/Abnahme für diese Gesamtanforderung nachgewiesen. Teilnachweise dürfen nicht als Vollabnahme gelten.,report.md; root-causes.json; route-states.json,Nicht bestanden
V22.1-14-11,14,Fehlende Daten korrekter Zustand keine erfundenen Kennzahlen,Finanzen/Rechnungen/Angebote/Kunden/Projekte/Zeit/Spesen/Mitarbeiter,Offener Folgeschritt im verbindlichen Gesamtauftrag; siehe Root-Cause-/Phasenbericht.,source-inventory.json.gz: routes/renderCatalog/cssRules; data-/schema-inventory.json,Quellcode + fachlicher Integrationstest + gerenderte Geometrie/Interaktion soweit einschlägig,TC-V22.1-14-11,Fehlende Daten korrekter Zustand keine erfundenen Kennzahlen,Keine vollständige Erfüllung/Abnahme für diese Gesamtanforderung nachgewiesen. Teilnachweise dürfen nicht als Vollabnahme gelten.,report.md; root-causes.json; route-states.json,Nicht bestanden
V22.1-15-01,15,Einheitlicher Listenvertrag Titel Anzahl Suche Filter Create aktive Filter Ergebnis,Alle umfangreichen Listen,Offener Folgeschritt im verbindlichen Gesamtauftrag; siehe Root-Cause-/Phasenbericht.,source-inventory.json.gz: routes/renderCatalog/cssRules; data-/schema-inventory.json,Quellcode + fachlicher Integrationstest + gerenderte Geometrie/Interaktion soweit einschlägig,TC-V22.1-15-01,Einheitlicher Listenvertrag Titel Anzahl Suche Filter Create aktive Filter Ergebnis,Keine vollständige Erfüllung/Abnahme für diese Gesamtanforderung nachgewiesen. Teilnachweise dürfen nicht als Vollabnahme gelten.,report.md; root-causes.json; route-states.json,Nicht bestanden
V22.1-15-02,15,Keine dauerhaft grossen Suche Sortfelder,Alle umfangreichen Listen,Offener Folgeschritt im verbindlichen Gesamtauftrag; siehe Root-Cause-/Phasenbericht.,source-inventory.json.gz: routes/renderCatalog/cssRules; data-/schema-inventory.json,Quellcode + fachlicher Integrationstest + gerenderte Geometrie/Interaktion soweit einschlägig,TC-V22.1-15-02,Keine dauerhaft grossen Suche Sortfelder,Keine vollständige Erfüllung/Abnahme für diese Gesamtanforderung nachgewiesen. Teilnachweise dürfen nicht als Vollabnahme gelten.,report.md; root-causes.json; route-states.json,Nicht bestanden
V22.1-15-03,15,Kontextsuche über Lupe globale Suche unabhängig,Alle umfangreichen Listen,Offener Folgeschritt im verbindlichen Gesamtauftrag; siehe Root-Cause-/Phasenbericht.,source-inventory.json.gz: routes/renderCatalog/cssRules; data-/schema-inventory.json,Quellcode + fachlicher Integrationstest + gerenderte Geometrie/Interaktion soweit einschlägig,TC-V22.1-15-03,Kontextsuche über Lupe globale Suche unabhängig,Keine vollständige Erfüllung/Abnahme für diese Gesamtanforderung nachgewiesen. Teilnachweise dürfen nicht als Vollabnahme gelten.,report.md; root-causes.json; route-states.json,Nicht bestanden
V22.1-15-04,15,Suchfelder pro Modul konfigurieren,Alle umfangreichen Listen,Offener Folgeschritt im verbindlichen Gesamtauftrag; siehe Root-Cause-/Phasenbericht.,source-inventory.json.gz: routes/renderCatalog/cssRules; data-/schema-inventory.json,Quellcode + fachlicher Integrationstest + gerenderte Geometrie/Interaktion soweit einschlägig,TC-V22.1-15-04,Suchfelder pro Modul konfigurieren,Keine vollständige Erfüllung/Abnahme für diese Gesamtanforderung nachgewiesen. Teilnachweise dürfen nicht als Vollabnahme gelten.,report.md; root-causes.json; route-states.json,Nicht bestanden
V22.1-15-05,15,Rechnungsnummer Kunde Kundennummer Kennungen suchen,Alle umfangreichen Listen,Offener Folgeschritt im verbindlichen Gesamtauftrag; siehe Root-Cause-/Phasenbericht.,source-inventory.json.gz: routes/renderCatalog/cssRules; data-/schema-inventory.json,Quellcode + fachlicher Integrationstest + gerenderte Geometrie/Interaktion soweit einschlägig,TC-V22.1-15-05,Rechnungsnummer Kunde Kundennummer Kennungen suchen,Keine vollständige Erfüllung/Abnahme für diese Gesamtanforderung nachgewiesen. Teilnachweise dürfen nicht als Vollabnahme gelten.,report.md; root-causes.json; route-states.json,Nicht bestanden
V22.1-15-06,15,Teilnummern Formatvarianten normalisieren,Alle umfangreichen Listen,Offener Folgeschritt im verbindlichen Gesamtauftrag; siehe Root-Cause-/Phasenbericht.,source-inventory.json.gz: routes/renderCatalog/cssRules; data-/schema-inventory.json,Quellcode + fachlicher Integrationstest + gerenderte Geometrie/Interaktion soweit einschlägig,TC-V22.1-15-06,Teilnummern Formatvarianten normalisieren,Keine vollständige Erfüllung/Abnahme für diese Gesamtanforderung nachgewiesen. Teilnachweise dürfen nicht als Vollabnahme gelten.,report.md; root-causes.json; route-states.json,Nicht bestanden
V22.1-15-07,15,Gesamter berechtigter Bestand statt geladene Zeilen,Alle umfangreichen Listen,Offener Folgeschritt im verbindlichen Gesamtauftrag; siehe Root-Cause-/Phasenbericht.,source-inventory.json.gz: routes/renderCatalog/cssRules; data-/schema-inventory.json,Quellcode + fachlicher Integrationstest + gerenderte Geometrie/Interaktion soweit einschlägig,TC-V22.1-15-07,Gesamter berechtigter Bestand statt geladene Zeilen,Keine vollständige Erfüllung/Abnahme für diese Gesamtanforderung nachgewiesen. Teilnachweise dürfen nicht als Vollabnahme gelten.,report.md; root-causes.json; route-states.json,Nicht bestanden
V22.1-15-08,15,Zentrales Filter Sheet Filter Sortierung Weitere Filter Reset Apply,Alle umfangreichen Listen,Offener Folgeschritt im verbindlichen Gesamtauftrag; siehe Root-Cause-/Phasenbericht.,source-inventory.json.gz: routes/renderCatalog/cssRules; data-/schema-inventory.json,Quellcode + fachlicher Integrationstest + gerenderte Geometrie/Interaktion soweit einschlägig,TC-V22.1-15-08,Zentrales Filter Sheet Filter Sortierung Weitere Filter Reset Apply,Keine vollständige Erfüllung/Abnahme für diese Gesamtanforderung nachgewiesen. Teilnachweise dürfen nicht als Vollabnahme gelten.,report.md; root-causes.json; route-states.json,Nicht bestanden
V22.1-15-09,15,Kein zweiter Sortierbutton Zustand,Alle umfangreichen Listen,Offener Folgeschritt im verbindlichen Gesamtauftrag; siehe Root-Cause-/Phasenbericht.,source-inventory.json.gz: routes/renderCatalog/cssRules; data-/schema-inventory.json,Quellcode + fachlicher Integrationstest + gerenderte Geometrie/Interaktion soweit einschlägig,TC-V22.1-15-09,Kein zweiter Sortierbutton Zustand,Keine vollständige Erfüllung/Abnahme für diese Gesamtanforderung nachgewiesen. Teilnachweise dürfen nicht als Vollabnahme gelten.,report.md; root-causes.json; route-states.json,Nicht bestanden
V22.1-15-10,15,Nur reale funktionierende Modulfilter,Alle umfangreichen Listen,Offener Folgeschritt im verbindlichen Gesamtauftrag; siehe Root-Cause-/Phasenbericht.,source-inventory.json.gz: routes/renderCatalog/cssRules; data-/schema-inventory.json,Quellcode + fachlicher Integrationstest + gerenderte Geometrie/Interaktion soweit einschlägig,TC-V22.1-15-10,Nur reale funktionierende Modulfilter,Keine vollständige Erfüllung/Abnahme für diese Gesamtanforderung nachgewiesen. Teilnachweise dürfen nicht als Vollabnahme gelten.,report.md; root-causes.json; route-states.json,Nicht bestanden
V22.1-15-11,15,Kunden Kontakte Angebote Rechnungen Zahlungen Projekt Zeit Spesen Produkt Mitarbeiter Kriterien verifizieren,Alle umfangreichen Listen,Offener Folgeschritt im verbindlichen Gesamtauftrag; siehe Root-Cause-/Phasenbericht.,source-inventory.json.gz: routes/renderCatalog/cssRules; data-/schema-inventory.json,Quellcode + fachlicher Integrationstest + gerenderte Geometrie/Interaktion soweit einschlägig,TC-V22.1-15-11,Kunden Kontakte Angebote Rechnungen Zahlungen Projekt Zeit Spesen Produkt Mitarbeiter Kriterien verifizieren,Keine vollständige Erfüllung/Abnahme für diese Gesamtanforderung nachgewiesen. Teilnachweise dürfen nicht als Vollabnahme gelten.,report.md; root-causes.json; route-states.json,Nicht bestanden
V22.1-15-12,15,Diagrammzeitraum und Listenfilter unabhängig,Alle umfangreichen Listen,"Zentraler Renderer: Kalender-Sheet, inklusive valide UTC-Kalendertage, adaptive Aggregation, reale gemeinsame KPI/Chart-Werte, Null ohne künstliche Säule, Sessionzustand; Rechnungsliste unabhängig.",components/statistics.tsx:11; lib/statistics-period.ts:11,Quellcode + fachlicher Integrationstest + gerenderte Geometrie/Interaktion soweit einschlägig,TC-V22.1-15-12,Diagrammzeitraum und Listenfilter unabhängig,"Zentraler Renderer: Kalender-Sheet, inklusive valide UTC-Kalendertage, adaptive Aggregation, reale gemeinsame KPI/Chart-Werte, Null ohne künstliche Säule, Sessionzustand; Rechnungsliste unabhängig.","statistics-test.mjs + Chromium finance-Interaktion / matrix/results-light,dark.json",Bestanden
V22.1-15-13,15,Suche Filter Sort Tab Scroll Listenkontext wiederherstellen,Alle umfangreichen Listen,Offener Folgeschritt im verbindlichen Gesamtauftrag; siehe Root-Cause-/Phasenbericht.,source-inventory.json.gz: routes/renderCatalog/cssRules; data-/schema-inventory.json,Quellcode + fachlicher Integrationstest + gerenderte Geometrie/Interaktion soweit einschlägig,TC-V22.1-15-13,Suche Filter Sort Tab Scroll Listenkontext wiederherstellen,Keine vollständige Erfüllung/Abnahme für diese Gesamtanforderung nachgewiesen. Teilnachweise dürfen nicht als Vollabnahme gelten.,report.md; root-causes.json; route-states.json,Nicht bestanden
V22.1-16-01,16,Tabs nur fachliche Navigation keine Zustandsfilter,Alle fachlichen Tab-Bereiche,Offener Folgeschritt im verbindlichen Gesamtauftrag; siehe Root-Cause-/Phasenbericht.,source-inventory.json.gz: routes/renderCatalog/cssRules; data-/schema-inventory.json,Quellcode + fachlicher Integrationstest + gerenderte Geometrie/Interaktion soweit einschlägig,TC-V22.1-16-01,Tabs nur fachliche Navigation keine Zustandsfilter,Keine vollständige Erfüllung/Abnahme für diese Gesamtanforderung nachgewiesen. Teilnachweise dürfen nicht als Vollabnahme gelten.,report.md; root-causes.json; route-states.json,Nicht bestanden
V22.1-16-02,16,Zentrale Tab-Komponente,Alle fachlichen Tab-Bereiche,Offener Folgeschritt im verbindlichen Gesamtauftrag; siehe Root-Cause-/Phasenbericht.,source-inventory.json.gz: routes/renderCatalog/cssRules; data-/schema-inventory.json,Quellcode + fachlicher Integrationstest + gerenderte Geometrie/Interaktion soweit einschlägig,TC-V22.1-16-02,Zentrale Tab-Komponente,Keine vollständige Erfüllung/Abnahme für diese Gesamtanforderung nachgewiesen. Teilnachweise dürfen nicht als Vollabnahme gelten.,report.md; root-causes.json; route-states.json,Nicht bestanden
V22.1-16-03,16,Höhe Typografie Unterstreichung Abstand einheitlich,Alle fachlichen Tab-Bereiche,Offener Folgeschritt im verbindlichen Gesamtauftrag; siehe Root-Cause-/Phasenbericht.,source-inventory.json.gz: routes/renderCatalog/cssRules; data-/schema-inventory.json,Quellcode + fachlicher Integrationstest + gerenderte Geometrie/Interaktion soweit einschlägig,TC-V22.1-16-03,Höhe Typografie Unterstreichung Abstand einheitlich,Keine vollständige Erfüllung/Abnahme für diese Gesamtanforderung nachgewiesen. Teilnachweise dürfen nicht als Vollabnahme gelten.,report.md; root-causes.json; route-states.json,Nicht bestanden
V22.1-16-04,16,Keine unnötigen Boxen,Alle fachlichen Tab-Bereiche,Offener Folgeschritt im verbindlichen Gesamtauftrag; siehe Root-Cause-/Phasenbericht.,source-inventory.json.gz: routes/renderCatalog/cssRules; data-/schema-inventory.json,Quellcode + fachlicher Integrationstest + gerenderte Geometrie/Interaktion soweit einschlägig,TC-V22.1-16-04,Keine unnötigen Boxen,Keine vollständige Erfüllung/Abnahme für diese Gesamtanforderung nachgewiesen. Teilnachweise dürfen nicht als Vollabnahme gelten.,report.md; root-causes.json; route-states.json,Nicht bestanden
V22.1-16-05,16,Horizontales Scrollen ohne abgeschnittenen Text,Alle fachlichen Tab-Bereiche,Offener Folgeschritt im verbindlichen Gesamtauftrag; siehe Root-Cause-/Phasenbericht.,source-inventory.json.gz: routes/renderCatalog/cssRules; data-/schema-inventory.json,Quellcode + fachlicher Integrationstest + gerenderte Geometrie/Interaktion soweit einschlägig,TC-V22.1-16-05,Horizontales Scrollen ohne abgeschnittenen Text,Keine vollständige Erfüllung/Abnahme für diese Gesamtanforderung nachgewiesen. Teilnachweise dürfen nicht als Vollabnahme gelten.,report.md; root-causes.json; route-states.json,Nicht bestanden
V22.1-16-06,16,Aktiver Tab automatisch sichtbar,Alle fachlichen Tab-Bereiche,Offener Folgeschritt im verbindlichen Gesamtauftrag; siehe Root-Cause-/Phasenbericht.,source-inventory.json.gz: routes/renderCatalog/cssRules; data-/schema-inventory.json,Quellcode + fachlicher Integrationstest + gerenderte Geometrie/Interaktion soweit einschlägig,TC-V22.1-16-06,Aktiver Tab automatisch sichtbar,Keine vollständige Erfüllung/Abnahme für diese Gesamtanforderung nachgewiesen. Teilnachweise dürfen nicht als Vollabnahme gelten.,report.md; root-causes.json; route-states.json,Nicht bestanden
V22.1-16-07,16,Zugängliche Tastatur,Alle fachlichen Tab-Bereiche,Offener Folgeschritt im verbindlichen Gesamtauftrag; siehe Root-Cause-/Phasenbericht.,source-inventory.json.gz: routes/renderCatalog/cssRules; data-/schema-inventory.json,Quellcode + fachlicher Integrationstest + gerenderte Geometrie/Interaktion soweit einschlägig,TC-V22.1-16-07,Zugängliche Tastatur,Keine vollständige Erfüllung/Abnahme für diese Gesamtanforderung nachgewiesen. Teilnachweise dürfen nicht als Vollabnahme gelten.,report.md; root-causes.json; route-states.json,Nicht bestanden
V22.1-16-08,16,Semantische Tabs Navigation korrekt,Alle fachlichen Tab-Bereiche,Offener Folgeschritt im verbindlichen Gesamtauftrag; siehe Root-Cause-/Phasenbericht.,source-inventory.json.gz: routes/renderCatalog/cssRules; data-/schema-inventory.json,Quellcode + fachlicher Integrationstest + gerenderte Geometrie/Interaktion soweit einschlägig,TC-V22.1-16-08,Semantische Tabs Navigation korrekt,Keine vollständige Erfüllung/Abnahme für diese Gesamtanforderung nachgewiesen. Teilnachweise dürfen nicht als Vollabnahme gelten.,report.md; root-causes.json; route-states.json,Nicht bestanden
V22.1-16-09,16,Browser Zurück Deep Links Zustandswiederherstellung,Alle fachlichen Tab-Bereiche,Offener Folgeschritt im verbindlichen Gesamtauftrag; siehe Root-Cause-/Phasenbericht.,source-inventory.json.gz: routes/renderCatalog/cssRules; data-/schema-inventory.json,Quellcode + fachlicher Integrationstest + gerenderte Geometrie/Interaktion soweit einschlägig,TC-V22.1-16-09,Browser Zurück Deep Links Zustandswiederherstellung,Keine vollständige Erfüllung/Abnahme für diese Gesamtanforderung nachgewiesen. Teilnachweise dürfen nicht als Vollabnahme gelten.,report.md; root-causes.json; route-states.json,Nicht bestanden
V22.1-16-10,16,Keine doppelten Divider unter Tabs,Alle fachlichen Tab-Bereiche,Offener Folgeschritt im verbindlichen Gesamtauftrag; siehe Root-Cause-/Phasenbericht.,source-inventory.json.gz: routes/renderCatalog/cssRules; data-/schema-inventory.json,Quellcode + fachlicher Integrationstest + gerenderte Geometrie/Interaktion soweit einschlägig,TC-V22.1-16-10,Keine doppelten Divider unter Tabs,Keine vollständige Erfüllung/Abnahme für diese Gesamtanforderung nachgewiesen. Teilnachweise dürfen nicht als Vollabnahme gelten.,report.md; root-causes.json; route-states.json,Nicht bestanden
V22.1-16-11,16,Fachlich richtige Tabs erhalten,Alle fachlichen Tab-Bereiche,Offener Folgeschritt im verbindlichen Gesamtauftrag; siehe Root-Cause-/Phasenbericht.,source-inventory.json.gz: routes/renderCatalog/cssRules; data-/schema-inventory.json,Quellcode + fachlicher Integrationstest + gerenderte Geometrie/Interaktion soweit einschlägig,TC-V22.1-16-11,Fachlich richtige Tabs erhalten,Keine vollständige Erfüllung/Abnahme für diese Gesamtanforderung nachgewiesen. Teilnachweise dürfen nicht als Vollabnahme gelten.,report.md; root-causes.json; route-states.json,Nicht bestanden
V22.1-17-01,17,Erstellen geeignete Bearbeitung Bottom Sheet first,Alle Erfassungs-/Bearbeitungsprozesse,Offener Folgeschritt im verbindlichen Gesamtauftrag; siehe Root-Cause-/Phasenbericht.,source-inventory.json.gz: routes/renderCatalog/cssRules; data-/schema-inventory.json,Quellcode + fachlicher Integrationstest + gerenderte Geometrie/Interaktion soweit einschlägig,TC-V22.1-17-01,Erstellen geeignete Bearbeitung Bottom Sheet first,Keine vollständige Erfüllung/Abnahme für diese Gesamtanforderung nachgewiesen. Teilnachweise dürfen nicht als Vollabnahme gelten.,report.md; root-causes.json; route-states.json,Nicht bestanden
V22.1-17-02,17,Keine parallelen langen Standardformulare,Alle Erfassungs-/Bearbeitungsprozesse,Offener Folgeschritt im verbindlichen Gesamtauftrag; siehe Root-Cause-/Phasenbericht.,source-inventory.json.gz: routes/renderCatalog/cssRules; data-/schema-inventory.json,Quellcode + fachlicher Integrationstest + gerenderte Geometrie/Interaktion soweit einschlägig,TC-V22.1-17-02,Keine parallelen langen Standardformulare,Keine vollständige Erfüllung/Abnahme für diese Gesamtanforderung nachgewiesen. Teilnachweise dürfen nicht als Vollabnahme gelten.,report.md; root-causes.json; route-states.json,Nicht bestanden
V22.1-17-03,17,Kunden Kontakte Mitarbeiter Projekte Produkte Angebote Rechnungen Zeiten Spesen prüfen,Alle Erfassungs-/Bearbeitungsprozesse,Offener Folgeschritt im verbindlichen Gesamtauftrag; siehe Root-Cause-/Phasenbericht.,source-inventory.json.gz: routes/renderCatalog/cssRules; data-/schema-inventory.json,Quellcode + fachlicher Integrationstest + gerenderte Geometrie/Interaktion soweit einschlägig,TC-V22.1-17-03,Kunden Kontakte Mitarbeiter Projekte Produkte Angebote Rechnungen Zeiten Spesen prüfen,Keine vollständige Erfüllung/Abnahme für diese Gesamtanforderung nachgewiesen. Teilnachweise dürfen nicht als Vollabnahme gelten.,report.md; root-causes.json; route-states.json,Nicht bestanden
V22.1-17-04,17,Öffentliche Auth getrennt keine zweite Implementierung,Alle Erfassungs-/Bearbeitungsprozesse,Offener Folgeschritt im verbindlichen Gesamtauftrag; siehe Root-Cause-/Phasenbericht.,source-inventory.json.gz: routes/renderCatalog/cssRules; data-/schema-inventory.json,Quellcode + fachlicher Integrationstest + gerenderte Geometrie/Interaktion soweit einschlägig,TC-V22.1-17-04,Öffentliche Auth getrennt keine zweite Implementierung,Keine vollständige Erfüllung/Abnahme für diese Gesamtanforderung nachgewiesen. Teilnachweise dürfen nicht als Vollabnahme gelten.,report.md; root-causes.json; route-states.json,Nicht bestanden
V22.1-17-05,17,Gemeinsames Sheet Header Titel X Handle Fortschritt Beschreibung Felder Fehler Footer,Alle Erfassungs-/Bearbeitungsprozesse,Offener Folgeschritt im verbindlichen Gesamtauftrag; siehe Root-Cause-/Phasenbericht.,source-inventory.json.gz: routes/renderCatalog/cssRules; data-/schema-inventory.json,Quellcode + fachlicher Integrationstest + gerenderte Geometrie/Interaktion soweit einschlägig,TC-V22.1-17-05,Gemeinsames Sheet Header Titel X Handle Fortschritt Beschreibung Felder Fehler Footer,Keine vollständige Erfüllung/Abnahme für diese Gesamtanforderung nachgewiesen. Teilnachweise dürfen nicht als Vollabnahme gelten.,report.md; root-causes.json; route-states.json,Nicht bestanden
V22.1-17-06,17,Nahezu volle Mobilehöhe möglich bleibt Sheet,Alle Erfassungs-/Bearbeitungsprozesse,Offener Folgeschritt im verbindlichen Gesamtauftrag; siehe Root-Cause-/Phasenbericht.,source-inventory.json.gz: routes/renderCatalog/cssRules; data-/schema-inventory.json,Quellcode + fachlicher Integrationstest + gerenderte Geometrie/Interaktion soweit einschlägig,TC-V22.1-17-06,Nahezu volle Mobilehöhe möglich bleibt Sheet,Keine vollständige Erfüllung/Abnahme für diese Gesamtanforderung nachgewiesen. Teilnachweise dürfen nicht als Vollabnahme gelten.,report.md; root-causes.json; route-states.json,Nicht bestanden
V22.1-17-07,17,Schritte fachliche Abhängigkeiten,Alle Erfassungs-/Bearbeitungsprozesse,Offener Folgeschritt im verbindlichen Gesamtauftrag; siehe Root-Cause-/Phasenbericht.,source-inventory.json.gz: routes/renderCatalog/cssRules; data-/schema-inventory.json,Quellcode + fachlicher Integrationstest + gerenderte Geometrie/Interaktion soweit einschlägig,TC-V22.1-17-07,Schritte fachliche Abhängigkeiten,Keine vollständige Erfüllung/Abnahme für diese Gesamtanforderung nachgewiesen. Teilnachweise dürfen nicht als Vollabnahme gelten.,report.md; root-causes.json; route-states.json,Nicht bestanden
V22.1-17-08,17,Minimal gültige Ersterstellung zuerst,Alle Erfassungs-/Bearbeitungsprozesse,Offener Folgeschritt im verbindlichen Gesamtauftrag; siehe Root-Cause-/Phasenbericht.,source-inventory.json.gz: routes/renderCatalog/cssRules; data-/schema-inventory.json,Quellcode + fachlicher Integrationstest + gerenderte Geometrie/Interaktion soweit einschlägig,TC-V22.1-17-08,Minimal gültige Ersterstellung zuerst,Keine vollständige Erfüllung/Abnahme für diese Gesamtanforderung nachgewiesen. Teilnachweise dürfen nicht als Vollabnahme gelten.,report.md; root-causes.json; route-states.json,Nicht bestanden
V22.1-17-09,17,Optionale Angaben später keine Pflichtklicks,Alle Erfassungs-/Bearbeitungsprozesse,Offener Folgeschritt im verbindlichen Gesamtauftrag; siehe Root-Cause-/Phasenbericht.,source-inventory.json.gz: routes/renderCatalog/cssRules; data-/schema-inventory.json,Quellcode + fachlicher Integrationstest + gerenderte Geometrie/Interaktion soweit einschlägig,TC-V22.1-17-09,Optionale Angaben später keine Pflichtklicks,Keine vollständige Erfüllung/Abnahme für diese Gesamtanforderung nachgewiesen. Teilnachweise dürfen nicht als Vollabnahme gelten.,report.md; root-causes.json; route-states.json,Nicht bestanden
V22.1-17-10,17,Frühe gültige Erstellung wenn fachlich unterstützt,Alle Erfassungs-/Bearbeitungsprozesse,Offener Folgeschritt im verbindlichen Gesamtauftrag; siehe Root-Cause-/Phasenbericht.,source-inventory.json.gz: routes/renderCatalog/cssRules; data-/schema-inventory.json,Quellcode + fachlicher Integrationstest + gerenderte Geometrie/Interaktion soweit einschlägig,TC-V22.1-17-10,Frühe gültige Erstellung wenn fachlich unterstützt,Keine vollständige Erfüllung/Abnahme für diese Gesamtanforderung nachgewiesen. Teilnachweise dürfen nicht als Vollabnahme gelten.,report.md; root-causes.json; route-states.json,Nicht bestanden
V22.1-17-11,17,Unverändert ohne Dialog schliessen,Alle Erfassungs-/Bearbeitungsprozesse,Offener Folgeschritt im verbindlichen Gesamtauftrag; siehe Root-Cause-/Phasenbericht.,source-inventory.json.gz: routes/renderCatalog/cssRules; data-/schema-inventory.json,Quellcode + fachlicher Integrationstest + gerenderte Geometrie/Interaktion soweit einschlägig,TC-V22.1-17-11,Unverändert ohne Dialog schliessen,Keine vollständige Erfüllung/Abnahme für diese Gesamtanforderung nachgewiesen. Teilnachweise dürfen nicht als Vollabnahme gelten.,report.md; root-causes.json; route-states.json,Nicht bestanden
V22.1-17-12,17,Dirty gemeinsamer Abbruchdialog,Alle Erfassungs-/Bearbeitungsprozesse,Offener Folgeschritt im verbindlichen Gesamtauftrag; siehe Root-Cause-/Phasenbericht.,source-inventory.json.gz: routes/renderCatalog/cssRules; data-/schema-inventory.json,Quellcode + fachlicher Integrationstest + gerenderte Geometrie/Interaktion soweit einschlägig,TC-V22.1-17-12,Dirty gemeinsamer Abbruchdialog,Keine vollständige Erfüllung/Abnahme für diese Gesamtanforderung nachgewiesen. Teilnachweise dürfen nicht als Vollabnahme gelten.,report.md; root-causes.json; route-states.json,Nicht bestanden
V22.1-17-13,17,Gespeicherte Entwürfe erhalten,Alle Erfassungs-/Bearbeitungsprozesse,Offener Folgeschritt im verbindlichen Gesamtauftrag; siehe Root-Cause-/Phasenbericht.,source-inventory.json.gz: routes/renderCatalog/cssRules; data-/schema-inventory.json,Quellcode + fachlicher Integrationstest + gerenderte Geometrie/Interaktion soweit einschlägig,TC-V22.1-17-13,Gespeicherte Entwürfe erhalten,Keine vollständige Erfüllung/Abnahme für diese Gesamtanforderung nachgewiesen. Teilnachweise dürfen nicht als Vollabnahme gelten.,report.md; root-causes.json; route-states.json,Nicht bestanden
V22.1-17-14,17,Unterbrochene Verarbeitung korrekt fortsetzen abbrechen,Alle Erfassungs-/Bearbeitungsprozesse,Offener Folgeschritt im verbindlichen Gesamtauftrag; siehe Root-Cause-/Phasenbericht.,source-inventory.json.gz: routes/renderCatalog/cssRules; data-/schema-inventory.json,Quellcode + fachlicher Integrationstest + gerenderte Geometrie/Interaktion soweit einschlägig,TC-V22.1-17-14,Unterbrochene Verarbeitung korrekt fortsetzen abbrechen,Keine vollständige Erfüllung/Abnahme für diese Gesamtanforderung nachgewiesen. Teilnachweise dürfen nicht als Vollabnahme gelten.,report.md; root-causes.json; route-states.json,Nicht bestanden
V22.1-17-15,17,Browser Zurück X derselbe Dirty State,Alle Erfassungs-/Bearbeitungsprozesse,Offener Folgeschritt im verbindlichen Gesamtauftrag; siehe Root-Cause-/Phasenbericht.,source-inventory.json.gz: routes/renderCatalog/cssRules; data-/schema-inventory.json,Quellcode + fachlicher Integrationstest + gerenderte Geometrie/Interaktion soweit einschlägig,TC-V22.1-17-15,Browser Zurück X derselbe Dirty State,Keine vollständige Erfüllung/Abnahme für diese Gesamtanforderung nachgewiesen. Teilnachweise dürfen nicht als Vollabnahme gelten.,report.md; root-causes.json; route-states.json,Nicht bestanden
V22.1-17-16,17,Wizard State Sheet Lifecycle Validierung Footer zentral,Alle Erfassungs-/Bearbeitungsprozesse,Offener Folgeschritt im verbindlichen Gesamtauftrag; siehe Root-Cause-/Phasenbericht.,source-inventory.json.gz: routes/renderCatalog/cssRules; data-/schema-inventory.json,Quellcode + fachlicher Integrationstest + gerenderte Geometrie/Interaktion soweit einschlägig,TC-V22.1-17-16,Wizard State Sheet Lifecycle Validierung Footer zentral,Keine vollständige Erfüllung/Abnahme für diese Gesamtanforderung nachgewiesen. Teilnachweise dürfen nicht als Vollabnahme gelten.,report.md; root-causes.json; route-states.json,Nicht bestanden
V22.1-17-17,17,Safe Areas Keyboard Avoidance Scroll Lock Fokus,Alle Erfassungs-/Bearbeitungsprozesse,Offener Folgeschritt im verbindlichen Gesamtauftrag; siehe Root-Cause-/Phasenbericht.,source-inventory.json.gz: routes/renderCatalog/cssRules; data-/schema-inventory.json,Quellcode + fachlicher Integrationstest + gerenderte Geometrie/Interaktion soweit einschlägig,TC-V22.1-17-17,Safe Areas Keyboard Avoidance Scroll Lock Fokus,Keine vollständige Erfüllung/Abnahme für diese Gesamtanforderung nachgewiesen. Teilnachweise dürfen nicht als Vollabnahme gelten.,report.md; root-causes.json; route-states.json,Nicht bestanden
V22.1-17-18,17,Doppelspeicherschutz Wiederaufnahme,Alle Erfassungs-/Bearbeitungsprozesse,Offener Folgeschritt im verbindlichen Gesamtauftrag; siehe Root-Cause-/Phasenbericht.,source-inventory.json.gz: routes/renderCatalog/cssRules; data-/schema-inventory.json,Quellcode + fachlicher Integrationstest + gerenderte Geometrie/Interaktion soweit einschlägig,TC-V22.1-17-18,Doppelspeicherschutz Wiederaufnahme,Keine vollständige Erfüllung/Abnahme für diese Gesamtanforderung nachgewiesen. Teilnachweise dürfen nicht als Vollabnahme gelten.,report.md; root-causes.json; route-states.json,Nicht bestanden
V22.1-17-19,17,Kein verdeckter CTA Bottom Nav unverändert,Alle Erfassungs-/Bearbeitungsprozesse,Offener Folgeschritt im verbindlichen Gesamtauftrag; siehe Root-Cause-/Phasenbericht.,source-inventory.json.gz: routes/renderCatalog/cssRules; data-/schema-inventory.json,Quellcode + fachlicher Integrationstest + gerenderte Geometrie/Interaktion soweit einschlägig,TC-V22.1-17-19,Kein verdeckter CTA Bottom Nav unverändert,Keine vollständige Erfüllung/Abnahme für diese Gesamtanforderung nachgewiesen. Teilnachweise dürfen nicht als Vollabnahme gelten.,report.md; root-causes.json; route-states.json,Nicht bestanden
V22.1-18-01,18,Zentrales Feldregister Label Typ Placeholder Beispiel Präfix Suffix,Alle fachlichen Formularfelder,Offener Folgeschritt im verbindlichen Gesamtauftrag; siehe Root-Cause-/Phasenbericht.,source-inventory.json.gz: routes/renderCatalog/cssRules; data-/schema-inventory.json,Quellcode + fachlicher Integrationstest + gerenderte Geometrie/Interaktion soweit einschlägig,TC-V22.1-18-01,Zentrales Feldregister Label Typ Placeholder Beispiel Präfix Suffix,Keine vollständige Erfüllung/Abnahme für diese Gesamtanforderung nachgewiesen. Teilnachweise dürfen nicht als Vollabnahme gelten.,report.md; root-causes.json; route-states.json,Nicht bestanden
V22.1-18-02,18,Pflicht bedingt Hilfe Keyboard AutoComplete,Alle fachlichen Formularfelder,Offener Folgeschritt im verbindlichen Gesamtauftrag; siehe Root-Cause-/Phasenbericht.,source-inventory.json.gz: routes/renderCatalog/cssRules; data-/schema-inventory.json,Quellcode + fachlicher Integrationstest + gerenderte Geometrie/Interaktion soweit einschlägig,TC-V22.1-18-02,Pflicht bedingt Hilfe Keyboard AutoComplete,Keine vollständige Erfüllung/Abnahme für diese Gesamtanforderung nachgewiesen. Teilnachweise dürfen nicht als Vollabnahme gelten.,report.md; root-causes.json; route-states.json,Nicht bestanden
V22.1-18-03,18,Format Normalisierung Client Server Validierung,Alle fachlichen Formularfelder,Offener Folgeschritt im verbindlichen Gesamtauftrag; siehe Root-Cause-/Phasenbericht.,source-inventory.json.gz: routes/renderCatalog/cssRules; data-/schema-inventory.json,Quellcode + fachlicher Integrationstest + gerenderte Geometrie/Interaktion soweit einschlägig,TC-V22.1-18-03,Format Normalisierung Client Server Validierung,Keine vollständige Erfüllung/Abnahme für diese Gesamtanforderung nachgewiesen. Teilnachweise dürfen nicht als Vollabnahme gelten.,report.md; root-causes.json; route-states.json,Nicht bestanden
V22.1-18-04,18,Readonly Fehlermeldungen zentral,Alle fachlichen Formularfelder,Offener Folgeschritt im verbindlichen Gesamtauftrag; siehe Root-Cause-/Phasenbericht.,source-inventory.json.gz: routes/renderCatalog/cssRules; data-/schema-inventory.json,Quellcode + fachlicher Integrationstest + gerenderte Geometrie/Interaktion soweit einschlägig,TC-V22.1-18-04,Readonly Fehlermeldungen zentral,Keine vollständige Erfüllung/Abnahme für diese Gesamtanforderung nachgewiesen. Teilnachweise dürfen nicht als Vollabnahme gelten.,report.md; root-causes.json; route-states.json,Nicht bestanden
V22.1-18-05,18,Bestehende Field Input erweitern,Alle fachlichen Formularfelder,Offener Folgeschritt im verbindlichen Gesamtauftrag; siehe Root-Cause-/Phasenbericht.,source-inventory.json.gz: routes/renderCatalog/cssRules; data-/schema-inventory.json,Quellcode + fachlicher Integrationstest + gerenderte Geometrie/Interaktion soweit einschlägig,TC-V22.1-18-05,Bestehende Field Input erweitern,Keine vollständige Erfüllung/Abnahme für diese Gesamtanforderung nachgewiesen. Teilnachweise dürfen nicht als Vollabnahme gelten.,report.md; root-causes.json; route-states.json,Nicht bestanden
V22.1-18-06,18,Pflichtstern sichtbar zugänglich Pflichtfeld Hinweis,Alle fachlichen Formularfelder,Offener Folgeschritt im verbindlichen Gesamtauftrag; siehe Root-Cause-/Phasenbericht.,source-inventory.json.gz: routes/renderCatalog/cssRules; data-/schema-inventory.json,Quellcode + fachlicher Integrationstest + gerenderte Geometrie/Interaktion soweit einschlägig,TC-V22.1-18-06,Pflichtstern sichtbar zugänglich Pflichtfeld Hinweis,Keine vollständige Erfüllung/Abnahme für diese Gesamtanforderung nachgewiesen. Teilnachweise dürfen nicht als Vollabnahme gelten.,report.md; root-causes.json; route-states.json,Nicht bestanden
V22.1-18-07,18,Pflichtstatus tatsächliche Serverregel,Alle fachlichen Formularfelder,Offener Folgeschritt im verbindlichen Gesamtauftrag; siehe Root-Cause-/Phasenbericht.,source-inventory.json.gz: routes/renderCatalog/cssRules; data-/schema-inventory.json,Quellcode + fachlicher Integrationstest + gerenderte Geometrie/Interaktion soweit einschlägig,TC-V22.1-18-07,Pflichtstatus tatsächliche Serverregel,Keine vollständige Erfüllung/Abnahme für diese Gesamtanforderung nachgewiesen. Teilnachweise dürfen nicht als Vollabnahme gelten.,report.md; root-causes.json; route-states.json,Nicht bestanden
V22.1-18-08,18,Minimal optional Angebot Rechnung Versand Zahlung gesetzlich technisch unterscheiden,Alle fachlichen Formularfelder,Offener Folgeschritt im verbindlichen Gesamtauftrag; siehe Root-Cause-/Phasenbericht.,source-inventory.json.gz: routes/renderCatalog/cssRules; data-/schema-inventory.json,Quellcode + fachlicher Integrationstest + gerenderte Geometrie/Interaktion soweit einschlägig,TC-V22.1-18-08,Minimal optional Angebot Rechnung Versand Zahlung gesetzlich technisch unterscheiden,Keine vollständige Erfüllung/Abnahme für diese Gesamtanforderung nachgewiesen. Teilnachweise dürfen nicht als Vollabnahme gelten.,report.md; root-causes.json; route-states.json,Nicht bestanden
V22.1-18-09,18,Keine erfundenen Pflichtfelder,Alle fachlichen Formularfelder,Offener Folgeschritt im verbindlichen Gesamtauftrag; siehe Root-Cause-/Phasenbericht.,source-inventory.json.gz: routes/renderCatalog/cssRules; data-/schema-inventory.json,Quellcode + fachlicher Integrationstest + gerenderte Geometrie/Interaktion soweit einschlägig,TC-V22.1-18-09,Keine erfundenen Pflichtfelder,Keine vollständige Erfüllung/Abnahme für diese Gesamtanforderung nachgewiesen. Teilnachweise dürfen nicht als Vollabnahme gelten.,report.md; root-causes.json; route-states.json,Nicht bestanden
V22.1-18-10,18,PLZ Ort nebeneinander,Alle fachlichen Formularfelder,Offener Folgeschritt im verbindlichen Gesamtauftrag; siehe Root-Cause-/Phasenbericht.,source-inventory.json.gz: routes/renderCatalog/cssRules; data-/schema-inventory.json,Quellcode + fachlicher Integrationstest + gerenderte Geometrie/Interaktion soweit einschlägig,TC-V22.1-18-10,PLZ Ort nebeneinander,Keine vollständige Erfüllung/Abnahme für diese Gesamtanforderung nachgewiesen. Teilnachweise dürfen nicht als Vollabnahme gelten.,report.md; root-causes.json; route-states.json,Nicht bestanden
V22.1-18-11,18,Strasse Hausnummer getrennt,Alle fachlichen Formularfelder,Offener Folgeschritt im verbindlichen Gesamtauftrag; siehe Root-Cause-/Phasenbericht.,source-inventory.json.gz: routes/renderCatalog/cssRules; data-/schema-inventory.json,Quellcode + fachlicher Integrationstest + gerenderte Geometrie/Interaktion soweit einschlägig,TC-V22.1-18-11,Strasse Hausnummer getrennt,Keine vollständige Erfüllung/Abnahme für diese Gesamtanforderung nachgewiesen. Teilnachweise dürfen nicht als Vollabnahme gelten.,report.md; root-causes.json; route-states.json,Nicht bestanden
V22.1-18-12,18,Vorwahl Rufnummer gemeinsam,Alle fachlichen Formularfelder,Offener Folgeschritt im verbindlichen Gesamtauftrag; siehe Root-Cause-/Phasenbericht.,source-inventory.json.gz: routes/renderCatalog/cssRules; data-/schema-inventory.json,Quellcode + fachlicher Integrationstest + gerenderte Geometrie/Interaktion soweit einschlägig,TC-V22.1-18-12,Vorwahl Rufnummer gemeinsam,Keine vollständige Erfüllung/Abnahme für diese Gesamtanforderung nachgewiesen. Teilnachweise dürfen nicht als Vollabnahme gelten.,report.md; root-causes.json; route-states.json,Nicht bestanden
V22.1-18-13,18,IBAN lesbar,Alle fachlichen Formularfelder,Offener Folgeschritt im verbindlichen Gesamtauftrag; siehe Root-Cause-/Phasenbericht.,source-inventory.json.gz: routes/renderCatalog/cssRules; data-/schema-inventory.json,Quellcode + fachlicher Integrationstest + gerenderte Geometrie/Interaktion soweit einschlägig,TC-V22.1-18-13,IBAN lesbar,Keine vollständige Erfüllung/Abnahme für diese Gesamtanforderung nachgewiesen. Teilnachweise dürfen nicht als Vollabnahme gelten.,report.md; root-causes.json; route-states.json,Nicht bestanden
V22.1-18-14,18,UID CHE Präfix,Alle fachlichen Formularfelder,Offener Folgeschritt im verbindlichen Gesamtauftrag; siehe Root-Cause-/Phasenbericht.,source-inventory.json.gz: routes/renderCatalog/cssRules; data-/schema-inventory.json,Quellcode + fachlicher Integrationstest + gerenderte Geometrie/Interaktion soweit einschlägig,TC-V22.1-18-14,UID CHE Präfix,Keine vollständige Erfüllung/Abnahme für diese Gesamtanforderung nachgewiesen. Teilnachweise dürfen nicht als Vollabnahme gelten.,report.md; root-causes.json; route-states.json,Nicht bestanden
V22.1-18-15,18,MWST kurz einzeilig falls Platz,Alle fachlichen Formularfelder,Offener Folgeschritt im verbindlichen Gesamtauftrag; siehe Root-Cause-/Phasenbericht.,source-inventory.json.gz: routes/renderCatalog/cssRules; data-/schema-inventory.json,Quellcode + fachlicher Integrationstest + gerenderte Geometrie/Interaktion soweit einschlägig,TC-V22.1-18-15,MWST kurz einzeilig falls Platz,Keine vollständige Erfüllung/Abnahme für diese Gesamtanforderung nachgewiesen. Teilnachweise dürfen nicht als Vollabnahme gelten.,report.md; root-causes.json; route-states.json,Nicht bestanden
V22.1-18-16,18,Menge Einheit Preis Steuer fachlich gruppieren,Alle fachlichen Formularfelder,Offener Folgeschritt im verbindlichen Gesamtauftrag; siehe Root-Cause-/Phasenbericht.,source-inventory.json.gz: routes/renderCatalog/cssRules; data-/schema-inventory.json,Quellcode + fachlicher Integrationstest + gerenderte Geometrie/Interaktion soweit einschlägig,TC-V22.1-18-16,Menge Einheit Preis Steuer fachlich gruppieren,Keine vollständige Erfüllung/Abnahme für diese Gesamtanforderung nachgewiesen. Teilnachweise dürfen nicht als Vollabnahme gelten.,report.md; root-causes.json; route-states.json,Nicht bestanden
V22.1-18-17,18,Labels sichtbar schmale Displays Textskalierung umbrechen,Alle fachlichen Formularfelder,Offener Folgeschritt im verbindlichen Gesamtauftrag; siehe Root-Cause-/Phasenbericht.,source-inventory.json.gz: routes/renderCatalog/cssRules; data-/schema-inventory.json,Quellcode + fachlicher Integrationstest + gerenderte Geometrie/Interaktion soweit einschlägig,TC-V22.1-18-17,Labels sichtbar schmale Displays Textskalierung umbrechen,Keine vollständige Erfüllung/Abnahme für diese Gesamtanforderung nachgewiesen. Teilnachweise dürfen nicht als Vollabnahme gelten.,report.md; root-causes.json; route-states.json,Nicht bestanden
V22.1-19-01,19,Aktuelle offizielle Schweizer Quellen Version Datum Übergang,Kunden/Firma/Dokumente/Zahlungen/Export,Offener Folgeschritt im verbindlichen Gesamtauftrag; siehe Root-Cause-/Phasenbericht.,source-inventory.json.gz: routes/renderCatalog/cssRules; data-/schema-inventory.json,Quellcode + fachlicher Integrationstest + gerenderte Geometrie/Interaktion soweit einschlägig,TC-V22.1-19-01,Aktuelle offizielle Schweizer Quellen Version Datum Übergang,Keine vollständige Erfüllung/Abnahme für diese Gesamtanforderung nachgewiesen. Teilnachweise dürfen nicht als Vollabnahme gelten.,report.md; root-causes.json; route-states.json,Nicht bestanden
V22.1-19-02,19,SIX SPS QR Bill ISO20022 prüfen,Kunden/Firma/Dokumente/Zahlungen/Export,Offener Folgeschritt im verbindlichen Gesamtauftrag; siehe Root-Cause-/Phasenbericht.,source-inventory.json.gz: routes/renderCatalog/cssRules; data-/schema-inventory.json,Quellcode + fachlicher Integrationstest + gerenderte Geometrie/Interaktion soweit einschlägig,TC-V22.1-19-02,SIX SPS QR Bill ISO20022 prüfen,Keine vollständige Erfüllung/Abnahme für diese Gesamtanforderung nachgewiesen. Teilnachweise dürfen nicht als Vollabnahme gelten.,report.md; root-causes.json; route-states.json,Nicht bestanden
V22.1-19-03,19,IBAN QRIBAN QR Referenz SCOR prüfen,Kunden/Firma/Dokumente/Zahlungen/Export,Offener Folgeschritt im verbindlichen Gesamtauftrag; siehe Root-Cause-/Phasenbericht.,source-inventory.json.gz: routes/renderCatalog/cssRules; data-/schema-inventory.json,Quellcode + fachlicher Integrationstest + gerenderte Geometrie/Interaktion soweit einschlägig,TC-V22.1-19-03,IBAN QRIBAN QR Referenz SCOR prüfen,Keine vollständige Erfüllung/Abnahme für diese Gesamtanforderung nachgewiesen. Teilnachweise dürfen nicht als Vollabnahme gelten.,report.md; root-causes.json; route-states.json,Nicht bestanden
V22.1-19-04,19,UID MWST Rechnungsangaben Datenschutz prüfen,Kunden/Firma/Dokumente/Zahlungen/Export,Offener Folgeschritt im verbindlichen Gesamtauftrag; siehe Root-Cause-/Phasenbericht.,source-inventory.json.gz: routes/renderCatalog/cssRules; data-/schema-inventory.json,Quellcode + fachlicher Integrationstest + gerenderte Geometrie/Interaktion soweit einschlägig,TC-V22.1-19-04,UID MWST Rechnungsangaben Datenschutz prüfen,Keine vollständige Erfüllung/Abnahme für diese Gesamtanforderung nachgewiesen. Teilnachweise dürfen nicht als Vollabnahme gelten.,report.md; root-causes.json; route-states.json,Nicht bestanden
V22.1-19-05,19,Strasse Hausnummer Zusatz PLZ Ort Land Zusatz international,Kunden/Firma/Dokumente/Zahlungen/Export,Offener Folgeschritt im verbindlichen Gesamtauftrag; siehe Root-Cause-/Phasenbericht.,source-inventory.json.gz: routes/renderCatalog/cssRules; data-/schema-inventory.json,Quellcode + fachlicher Integrationstest + gerenderte Geometrie/Interaktion soweit einschlägig,TC-V22.1-19-05,Strasse Hausnummer Zusatz PLZ Ort Land Zusatz international,Keine vollständige Erfüllung/Abnahme für diese Gesamtanforderung nachgewiesen. Teilnachweise dürfen nicht als Vollabnahme gelten.,report.md; root-causes.json; route-states.json,Nicht bestanden
V22.1-19-06,19,Kein pauschales CH Format für internationale Daten,Kunden/Firma/Dokumente/Zahlungen/Export,Offener Folgeschritt im verbindlichen Gesamtauftrag; siehe Root-Cause-/Phasenbericht.,source-inventory.json.gz: routes/renderCatalog/cssRules; data-/schema-inventory.json,Quellcode + fachlicher Integrationstest + gerenderte Geometrie/Interaktion soweit einschlägig,TC-V22.1-19-06,Kein pauschales CH Format für internationale Daten,Keine vollständige Erfüllung/Abnahme für diese Gesamtanforderung nachgewiesen. Teilnachweise dürfen nicht als Vollabnahme gelten.,report.md; root-causes.json; route-states.json,Nicht bestanden
V22.1-19-07,19,Kombinierte Adressen sicher migrieren,Kunden/Firma/Dokumente/Zahlungen/Export,Offener Folgeschritt im verbindlichen Gesamtauftrag; siehe Root-Cause-/Phasenbericht.,source-inventory.json.gz: routes/renderCatalog/cssRules; data-/schema-inventory.json,Quellcode + fachlicher Integrationstest + gerenderte Geometrie/Interaktion soweit einschlägig,TC-V22.1-19-07,Kombinierte Adressen sicher migrieren,Keine vollständige Erfüllung/Abnahme für diese Gesamtanforderung nachgewiesen. Teilnachweise dürfen nicht als Vollabnahme gelten.,report.md; root-causes.json; route-states.json,Nicht bestanden
V22.1-19-08,19,Unklare Adressen nicht automatisch falsch teilen,Kunden/Firma/Dokumente/Zahlungen/Export,Offener Folgeschritt im verbindlichen Gesamtauftrag; siehe Root-Cause-/Phasenbericht.,source-inventory.json.gz: routes/renderCatalog/cssRules; data-/schema-inventory.json,Quellcode + fachlicher Integrationstest + gerenderte Geometrie/Interaktion soweit einschlägig,TC-V22.1-19-08,Unklare Adressen nicht automatisch falsch teilen,Keine vollständige Erfüllung/Abnahme für diese Gesamtanforderung nachgewiesen. Teilnachweise dürfen nicht als Vollabnahme gelten.,report.md; root-causes.json; route-states.json,Nicht bestanden
V22.1-19-09,19,Internationale IBAN Validierung QRIBAN Erkennung Referenzkombination,Kunden/Firma/Dokumente/Zahlungen/Export,Offener Folgeschritt im verbindlichen Gesamtauftrag; siehe Root-Cause-/Phasenbericht.,source-inventory.json.gz: routes/renderCatalog/cssRules; data-/schema-inventory.json,Quellcode + fachlicher Integrationstest + gerenderte Geometrie/Interaktion soweit einschlägig,TC-V22.1-19-09,Internationale IBAN Validierung QRIBAN Erkennung Referenzkombination,Keine vollständige Erfüllung/Abnahme für diese Gesamtanforderung nachgewiesen. Teilnachweise dürfen nicht als Vollabnahme gelten.,report.md; root-causes.json; route-states.json,Nicht bestanden
V22.1-19-10,19,Kontoinhaber strukturierte Adresse Zahlungsformatdaten,Kunden/Firma/Dokumente/Zahlungen/Export,Offener Folgeschritt im verbindlichen Gesamtauftrag; siehe Root-Cause-/Phasenbericht.,source-inventory.json.gz: routes/renderCatalog/cssRules; data-/schema-inventory.json,Quellcode + fachlicher Integrationstest + gerenderte Geometrie/Interaktion soweit einschlägig,TC-V22.1-19-10,Kontoinhaber strukturierte Adresse Zahlungsformatdaten,Keine vollständige Erfüllung/Abnahme für diese Gesamtanforderung nachgewiesen. Teilnachweise dürfen nicht als Vollabnahme gelten.,report.md; root-causes.json; route-states.json,Nicht bestanden
V22.1-19-11,19,UID Format Prüfziffer,Kunden/Firma/Dokumente/Zahlungen/Export,Offener Folgeschritt im verbindlichen Gesamtauftrag; siehe Root-Cause-/Phasenbericht.,source-inventory.json.gz: routes/renderCatalog/cssRules; data-/schema-inventory.json,Quellcode + fachlicher Integrationstest + gerenderte Geometrie/Interaktion soweit einschlägig,TC-V22.1-19-11,UID Format Prüfziffer,Keine vollständige Erfüllung/Abnahme für diese Gesamtanforderung nachgewiesen. Teilnachweise dürfen nicht als Vollabnahme gelten.,report.md; root-causes.json; route-states.json,Nicht bestanden
V22.1-19-12,19,UID MWST Status getrennt,Kunden/Firma/Dokumente/Zahlungen/Export,Offener Folgeschritt im verbindlichen Gesamtauftrag; siehe Root-Cause-/Phasenbericht.,source-inventory.json.gz: routes/renderCatalog/cssRules; data-/schema-inventory.json,Quellcode + fachlicher Integrationstest + gerenderte Geometrie/Interaktion soweit einschlägig,TC-V22.1-19-12,UID MWST Status getrennt,Keine vollständige Erfüllung/Abnahme für diese Gesamtanforderung nachgewiesen. Teilnachweise dürfen nicht als Vollabnahme gelten.,report.md; root-causes.json; route-states.json,Nicht bestanden
V22.1-19-13,19,Steuersätze Kategorien Gültigkeit Dokumentdarstellung,Kunden/Firma/Dokumente/Zahlungen/Export,Offener Folgeschritt im verbindlichen Gesamtauftrag; siehe Root-Cause-/Phasenbericht.,source-inventory.json.gz: routes/renderCatalog/cssRules; data-/schema-inventory.json,Quellcode + fachlicher Integrationstest + gerenderte Geometrie/Interaktion soweit einschlägig,TC-V22.1-19-13,Steuersätze Kategorien Gültigkeit Dokumentdarstellung,Keine vollständige Erfüllung/Abnahme für diese Gesamtanforderung nachgewiesen. Teilnachweise dürfen nicht als Vollabnahme gelten.,report.md; root-causes.json; route-states.json,Nicht bestanden
V22.1-19-14,19,PDF QR bestehende Implementierung prüfen,Kunden/Firma/Dokumente/Zahlungen/Export,Offener Folgeschritt im verbindlichen Gesamtauftrag; siehe Root-Cause-/Phasenbericht.,source-inventory.json.gz: routes/renderCatalog/cssRules; data-/schema-inventory.json,Quellcode + fachlicher Integrationstest + gerenderte Geometrie/Interaktion soweit einschlägig,TC-V22.1-19-14,PDF QR bestehende Implementierung prüfen,Keine vollständige Erfüllung/Abnahme für diese Gesamtanforderung nachgewiesen. Teilnachweise dürfen nicht als Vollabnahme gelten.,report.md; root-causes.json; route-states.json,Nicht bestanden
V22.1-19-15,19,Strukturierte Daten tatsächlich in PDF und QR verwenden,Kunden/Firma/Dokumente/Zahlungen/Export,Offener Folgeschritt im verbindlichen Gesamtauftrag; siehe Root-Cause-/Phasenbericht.,source-inventory.json.gz: routes/renderCatalog/cssRules; data-/schema-inventory.json,Quellcode + fachlicher Integrationstest + gerenderte Geometrie/Interaktion soweit einschlägig,TC-V22.1-19-15,Strukturierte Daten tatsächlich in PDF und QR verwenden,Keine vollständige Erfüllung/Abnahme für diese Gesamtanforderung nachgewiesen. Teilnachweise dürfen nicht als Vollabnahme gelten.,report.md; root-causes.json; route-states.json,Nicht bestanden
V22.1-19-16,19,Recht technische Norm Bank UX unterscheiden,Kunden/Firma/Dokumente/Zahlungen/Export,Offener Folgeschritt im verbindlichen Gesamtauftrag; siehe Root-Cause-/Phasenbericht.,source-inventory.json.gz: routes/renderCatalog/cssRules; data-/schema-inventory.json,Quellcode + fachlicher Integrationstest + gerenderte Geometrie/Interaktion soweit einschlägig,TC-V22.1-19-16,Recht technische Norm Bank UX unterscheiden,Keine vollständige Erfüllung/Abnahme für diese Gesamtanforderung nachgewiesen. Teilnachweise dürfen nicht als Vollabnahme gelten.,report.md; root-causes.json; route-states.json,Nicht bestanden
V22.1-20-01,20,Keine automatischen Geschäftsnummern während Neuerfassung,Alle automatisch nummerierten Geschäftsobjekte,Offener Folgeschritt im verbindlichen Gesamtauftrag; siehe Root-Cause-/Phasenbericht.,source-inventory.json.gz: routes/renderCatalog/cssRules; data-/schema-inventory.json,Quellcode + fachlicher Integrationstest + gerenderte Geometrie/Interaktion soweit einschlägig,TC-V22.1-20-01,Keine automatischen Geschäftsnummern während Neuerfassung,Keine vollständige Erfüllung/Abnahme für diese Gesamtanforderung nachgewiesen. Teilnachweise dürfen nicht als Vollabnahme gelten.,report.md; root-causes.json; route-states.json,Nicht bestanden
V22.1-20-02,20,Keine Nummernfelder Platzhalter Readonly Hinweise,Alle automatisch nummerierten Geschäftsobjekte,Offener Folgeschritt im verbindlichen Gesamtauftrag; siehe Root-Cause-/Phasenbericht.,source-inventory.json.gz: routes/renderCatalog/cssRules; data-/schema-inventory.json,Quellcode + fachlicher Integrationstest + gerenderte Geometrie/Interaktion soweit einschlägig,TC-V22.1-20-02,Keine Nummernfelder Platzhalter Readonly Hinweise,Keine vollständige Erfüllung/Abnahme für diese Gesamtanforderung nachgewiesen. Teilnachweise dürfen nicht als Vollabnahme gelten.,report.md; root-causes.json; route-states.json,Nicht bestanden
V22.1-20-03,20,Kunden Angebote Rechnungen Projekte weitere prüfen,Alle automatisch nummerierten Geschäftsobjekte,Offener Folgeschritt im verbindlichen Gesamtauftrag; siehe Root-Cause-/Phasenbericht.,source-inventory.json.gz: routes/renderCatalog/cssRules; data-/schema-inventory.json,Quellcode + fachlicher Integrationstest + gerenderte Geometrie/Interaktion soweit einschlägig,TC-V22.1-20-03,Kunden Angebote Rechnungen Projekte weitere prüfen,Keine vollständige Erfüllung/Abnahme für diese Gesamtanforderung nachgewiesen. Teilnachweise dürfen nicht als Vollabnahme gelten.,report.md; root-causes.json; route-states.json,Nicht bestanden
V22.1-20-04,20,Nummern erst nach fachlicher Erstellung Detail Liste PDF Export,Alle automatisch nummerierten Geschäftsobjekte,Offener Folgeschritt im verbindlichen Gesamtauftrag; siehe Root-Cause-/Phasenbericht.,source-inventory.json.gz: routes/renderCatalog/cssRules; data-/schema-inventory.json,Quellcode + fachlicher Integrationstest + gerenderte Geometrie/Interaktion soweit einschlägig,TC-V22.1-20-04,Nummern erst nach fachlicher Erstellung Detail Liste PDF Export,Keine vollständige Erfüllung/Abnahme für diese Gesamtanforderung nachgewiesen. Teilnachweise dürfen nicht als Vollabnahme gelten.,report.md; root-causes.json; route-states.json,Nicht bestanden
V22.1-20-05,20,Server eindeutig transaktionssicher,Alle automatisch nummerierten Geschäftsobjekte,Offener Folgeschritt im verbindlichen Gesamtauftrag; siehe Root-Cause-/Phasenbericht.,source-inventory.json.gz: routes/renderCatalog/cssRules; data-/schema-inventory.json,Quellcode + fachlicher Integrationstest + gerenderte Geometrie/Interaktion soweit einschlägig,TC-V22.1-20-05,Server eindeutig transaktionssicher,Keine vollständige Erfüllung/Abnahme für diese Gesamtanforderung nachgewiesen. Teilnachweise dürfen nicht als Vollabnahme gelten.,report.md; root-causes.json; route-states.json,Nicht bestanden
V22.1-20-06,20,Nummernkreis Entwurf Finalisierung erhalten,Alle automatisch nummerierten Geschäftsobjekte,Offener Folgeschritt im verbindlichen Gesamtauftrag; siehe Root-Cause-/Phasenbericht.,source-inventory.json.gz: routes/renderCatalog/cssRules; data-/schema-inventory.json,Quellcode + fachlicher Integrationstest + gerenderte Geometrie/Interaktion soweit einschlägig,TC-V22.1-20-06,Nummernkreis Entwurf Finalisierung erhalten,Keine vollständige Erfüllung/Abnahme für diese Gesamtanforderung nachgewiesen. Teilnachweise dürfen nicht als Vollabnahme gelten.,report.md; root-causes.json; route-states.json,Nicht bestanden
V22.1-20-07,20,Doppelterstellung verhindern,Alle automatisch nummerierten Geschäftsobjekte,Offener Folgeschritt im verbindlichen Gesamtauftrag; siehe Root-Cause-/Phasenbericht.,source-inventory.json.gz: routes/renderCatalog/cssRules; data-/schema-inventory.json,Quellcode + fachlicher Integrationstest + gerenderte Geometrie/Interaktion soweit einschlägig,TC-V22.1-20-07,Doppelterstellung verhindern,Keine vollständige Erfüllung/Abnahme für diese Gesamtanforderung nachgewiesen. Teilnachweise dürfen nicht als Vollabnahme gelten.,report.md; root-causes.json; route-states.json,Nicht bestanden
V22.1-21-01,21,Tabellen Spalten Restriktionen FK Indizes prüfen,95 Tabellen / 46 Migrationen / Geschäfts-APIs,Offener Folgeschritt im verbindlichen Gesamtauftrag; siehe Root-Cause-/Phasenbericht.,source-inventory.json.gz: routes/renderCatalog/cssRules; data-/schema-inventory.json,Quellcode + fachlicher Integrationstest + gerenderte Geometrie/Interaktion soweit einschlägig,TC-V22.1-21-01,Tabellen Spalten Restriktionen FK Indizes prüfen,Keine vollständige Erfüllung/Abnahme für diese Gesamtanforderung nachgewiesen. Teilnachweise dürfen nicht als Vollabnahme gelten.,report.md; root-causes.json; route-states.json,Nicht bestanden
V22.1-21-02,21,Status Nummernkreise Tenant Rollen Rechte API Export prüfen,95 Tabellen / 46 Migrationen / Geschäfts-APIs,Offener Folgeschritt im verbindlichen Gesamtauftrag; siehe Root-Cause-/Phasenbericht.,source-inventory.json.gz: routes/renderCatalog/cssRules; data-/schema-inventory.json,Quellcode + fachlicher Integrationstest + gerenderte Geometrie/Interaktion soweit einschlägig,TC-V22.1-21-02,Status Nummernkreise Tenant Rollen Rechte API Export prüfen,Keine vollständige Erfüllung/Abnahme für diese Gesamtanforderung nachgewiesen. Teilnachweise dürfen nicht als Vollabnahme gelten.,report.md; root-causes.json; route-states.json,Nicht bestanden
V22.1-21-03,21,Historische Dokumente prüfen,95 Tabellen / 46 Migrationen / Geschäfts-APIs,Offener Folgeschritt im verbindlichen Gesamtauftrag; siehe Root-Cause-/Phasenbericht.,source-inventory.json.gz: routes/renderCatalog/cssRules; data-/schema-inventory.json,Quellcode + fachlicher Integrationstest + gerenderte Geometrie/Interaktion soweit einschlägig,TC-V22.1-21-03,Historische Dokumente prüfen,Keine vollständige Erfüllung/Abnahme für diese Gesamtanforderung nachgewiesen. Teilnachweise dürfen nicht als Vollabnahme gelten.,report.md; root-causes.json; route-states.json,Nicht bestanden
V22.1-21-04,21,Migration kontrolliert dokumentiert Test Rollback,95 Tabellen / 46 Migrationen / Geschäfts-APIs,Offener Folgeschritt im verbindlichen Gesamtauftrag; siehe Root-Cause-/Phasenbericht.,source-inventory.json.gz: routes/renderCatalog/cssRules; data-/schema-inventory.json,Quellcode + fachlicher Integrationstest + gerenderte Geometrie/Interaktion soweit einschlägig,TC-V22.1-21-04,Migration kontrolliert dokumentiert Test Rollback,Keine vollständige Erfüllung/Abnahme für diese Gesamtanforderung nachgewiesen. Teilnachweise dürfen nicht als Vollabnahme gelten.,report.md; root-causes.json; route-states.json,Nicht bestanden
V22.1-21-05,21,Keine stillen Überschreibungen,95 Tabellen / 46 Migrationen / Geschäfts-APIs,Offener Folgeschritt im verbindlichen Gesamtauftrag; siehe Root-Cause-/Phasenbericht.,source-inventory.json.gz: routes/renderCatalog/cssRules; data-/schema-inventory.json,Quellcode + fachlicher Integrationstest + gerenderte Geometrie/Interaktion soweit einschlägig,TC-V22.1-21-05,Keine stillen Überschreibungen,Keine vollständige Erfüllung/Abnahme für diese Gesamtanforderung nachgewiesen. Teilnachweise dürfen nicht als Vollabnahme gelten.,report.md; root-causes.json; route-states.json,Nicht bestanden
V22.1-21-06,21,Keine Beträge Referenzen Dokumentstände durch UI ändern,95 Tabellen / 46 Migrationen / Geschäfts-APIs,Offener Folgeschritt im verbindlichen Gesamtauftrag; siehe Root-Cause-/Phasenbericht.,source-inventory.json.gz: routes/renderCatalog/cssRules; data-/schema-inventory.json,Quellcode + fachlicher Integrationstest + gerenderte Geometrie/Interaktion soweit einschlägig,TC-V22.1-21-06,Keine Beträge Referenzen Dokumentstände durch UI ändern,Keine vollständige Erfüllung/Abnahme für diese Gesamtanforderung nachgewiesen. Teilnachweise dürfen nicht als Vollabnahme gelten.,report.md; root-causes.json; route-states.json,Nicht bestanden
V22.1-21-07,21,Server Berechtigungen,95 Tabellen / 46 Migrationen / Geschäfts-APIs,Offener Folgeschritt im verbindlichen Gesamtauftrag; siehe Root-Cause-/Phasenbericht.,source-inventory.json.gz: routes/renderCatalog/cssRules; data-/schema-inventory.json,Quellcode + fachlicher Integrationstest + gerenderte Geometrie/Interaktion soweit einschlägig,TC-V22.1-21-07,Server Berechtigungen,Keine vollständige Erfüllung/Abnahme für diese Gesamtanforderung nachgewiesen. Teilnachweise dürfen nicht als Vollabnahme gelten.,report.md; root-causes.json; route-states.json,Nicht bestanden
V22.1-21-08,21,Keine fremden Mandantendaten,95 Tabellen / 46 Migrationen / Geschäfts-APIs,Offener Folgeschritt im verbindlichen Gesamtauftrag; siehe Root-Cause-/Phasenbericht.,source-inventory.json.gz: routes/renderCatalog/cssRules; data-/schema-inventory.json,Quellcode + fachlicher Integrationstest + gerenderte Geometrie/Interaktion soweit einschlägig,TC-V22.1-21-08,Keine fremden Mandantendaten,Keine vollständige Erfüllung/Abnahme für diese Gesamtanforderung nachgewiesen. Teilnachweise dürfen nicht als Vollabnahme gelten.,report.md; root-causes.json; route-states.json,Nicht bestanden
V22.1-22-01,22,Normal Leer Laden Fehler Erstellen Bearbeiten Readonly Berechtigung prüfen,"Alle Kunden-App-Routen, Support",Offener Folgeschritt im verbindlichen Gesamtauftrag; siehe Root-Cause-/Phasenbericht.,source-inventory.json.gz: routes/renderCatalog/cssRules; data-/schema-inventory.json,Quellcode + fachlicher Integrationstest + gerenderte Geometrie/Interaktion soweit einschlägig,TC-V22.1-22-01,Normal Leer Laden Fehler Erstellen Bearbeiten Readonly Berechtigung prüfen,Keine vollständige Erfüllung/Abnahme für diese Gesamtanforderung nachgewiesen. Teilnachweise dürfen nicht als Vollabnahme gelten.,report.md; root-causes.json; route-states.json,Nicht bestanden
V22.1-22-02,22,Dirty Netzwerk Session Fehler Doppel-Save unvollständig prüfen,"Alle Kunden-App-Routen, Support",Offener Folgeschritt im verbindlichen Gesamtauftrag; siehe Root-Cause-/Phasenbericht.,source-inventory.json.gz: routes/renderCatalog/cssRules; data-/schema-inventory.json,Quellcode + fachlicher Integrationstest + gerenderte Geometrie/Interaktion soweit einschlägig,TC-V22.1-22-02,Dirty Netzwerk Session Fehler Doppel-Save unvollständig prüfen,Keine vollständige Erfüllung/Abnahme für diese Gesamtanforderung nachgewiesen. Teilnachweise dürfen nicht als Vollabnahme gelten.,report.md; root-causes.json; route-states.json,Nicht bestanden
V22.1-22-03,22,Deep Link Browser PWA Back prüfen,"Alle Kunden-App-Routen, Support",Offener Folgeschritt im verbindlichen Gesamtauftrag; siehe Root-Cause-/Phasenbericht.,source-inventory.json.gz: routes/renderCatalog/cssRules; data-/schema-inventory.json,Quellcode + fachlicher Integrationstest + gerenderte Geometrie/Interaktion soweit einschlägig,TC-V22.1-22-03,Deep Link Browser PWA Back prüfen,Keine vollständige Erfüllung/Abnahme für diese Gesamtanforderung nachgewiesen. Teilnachweise dürfen nicht als Vollabnahme gelten.,report.md; root-causes.json; route-states.json,Nicht bestanden
V22.1-22-04,22,Keyboard Orientierung Textskalierung prüfen,"Alle Kunden-App-Routen, Support",Offener Folgeschritt im verbindlichen Gesamtauftrag; siehe Root-Cause-/Phasenbericht.,source-inventory.json.gz: routes/renderCatalog/cssRules; data-/schema-inventory.json,Quellcode + fachlicher Integrationstest + gerenderte Geometrie/Interaktion soweit einschlägig,TC-V22.1-22-04,Keyboard Orientierung Textskalierung prüfen,Keine vollständige Erfüllung/Abnahme für diese Gesamtanforderung nachgewiesen. Teilnachweise dürfen nicht als Vollabnahme gelten.,report.md; root-causes.json; route-states.json,Nicht bestanden
V22.1-22-05,22,Support Chat Eingabe Keyboard korrekt sofern reproduzierbar,"Alle Kunden-App-Routen, Support",Offener Folgeschritt im verbindlichen Gesamtauftrag; siehe Root-Cause-/Phasenbericht.,source-inventory.json.gz: routes/renderCatalog/cssRules; data-/schema-inventory.json,Quellcode + fachlicher Integrationstest + gerenderte Geometrie/Interaktion soweit einschlägig,TC-V22.1-22-05,Support Chat Eingabe Keyboard korrekt sofern reproduzierbar,Keine vollständige Erfüllung/Abnahme für diese Gesamtanforderung nachgewiesen. Teilnachweise dürfen nicht als Vollabnahme gelten.,report.md; root-causes.json; route-states.json,Nicht bestanden
V22.1-23-01,23,Nach Migration ersetzte ungenutzte Implementierungen entfernen,Alle UX-Owner und Verbraucher,Offener Folgeschritt im verbindlichen Gesamtauftrag; siehe Root-Cause-/Phasenbericht.,source-inventory.json.gz: routes/renderCatalog/cssRules; data-/schema-inventory.json,Quellcode + fachlicher Integrationstest + gerenderte Geometrie/Interaktion soweit einschlägig,TC-V22.1-23-01,Nach Migration ersetzte ungenutzte Implementierungen entfernen,Keine vollständige Erfüllung/Abnahme für diese Gesamtanforderung nachgewiesen. Teilnachweise dürfen nicht als Vollabnahme gelten.,report.md; root-causes.json; route-states.json,Nicht bestanden
V22.1-23-02,23,Header Forms Sort Charts KPIs Filter Wizards Legacy prüfen,Alle UX-Owner und Verbraucher,Offener Folgeschritt im verbindlichen Gesamtauftrag; siehe Root-Cause-/Phasenbericht.,source-inventory.json.gz: routes/renderCatalog/cssRules; data-/schema-inventory.json,Quellcode + fachlicher Integrationstest + gerenderte Geometrie/Interaktion soweit einschlägig,TC-V22.1-23-02,Header Forms Sort Charts KPIs Filter Wizards Legacy prüfen,Keine vollständige Erfüllung/Abnahme für diese Gesamtanforderung nachgewiesen. Teilnachweise dürfen nicht als Vollabnahme gelten.,report.md; root-causes.json; route-states.json,Nicht bestanden
V22.1-23-03,23,Divider CSS Padding !important Assets Imports Helfer Validierung bereinigen,Alle UX-Owner und Verbraucher,Offener Folgeschritt im verbindlichen Gesamtauftrag; siehe Root-Cause-/Phasenbericht.,source-inventory.json.gz: routes/renderCatalog/cssRules; data-/schema-inventory.json,Quellcode + fachlicher Integrationstest + gerenderte Geometrie/Interaktion soweit einschlägig,TC-V22.1-23-03,Divider CSS Padding !important Assets Imports Helfer Validierung bereinigen,Keine vollständige Erfüllung/Abnahme für diese Gesamtanforderung nachgewiesen. Teilnachweise dürfen nicht als Vollabnahme gelten.,report.md; root-causes.json; route-states.json,Nicht bestanden
V22.1-23-04,23,Verbraucher Referenzen Auswirkungen vor Entfernen,Alle UX-Owner und Verbraucher,Offener Folgeschritt im verbindlichen Gesamtauftrag; siehe Root-Cause-/Phasenbericht.,source-inventory.json.gz: routes/renderCatalog/cssRules; data-/schema-inventory.json,Quellcode + fachlicher Integrationstest + gerenderte Geometrie/Interaktion soweit einschlägig,TC-V22.1-23-04,Verbraucher Referenzen Auswirkungen vor Entfernen,Keine vollständige Erfüllung/Abnahme für diese Gesamtanforderung nachgewiesen. Teilnachweise dürfen nicht als Vollabnahme gelten.,report.md; root-causes.json; route-states.json,Nicht bestanden
V22.1-23-05,23,Keine überschreibenden globalen CSS Regeln,Alle UX-Owner und Verbraucher,Offener Folgeschritt im verbindlichen Gesamtauftrag; siehe Root-Cause-/Phasenbericht.,source-inventory.json.gz: routes/renderCatalog/cssRules; data-/schema-inventory.json,Quellcode + fachlicher Integrationstest + gerenderte Geometrie/Interaktion soweit einschlägig,TC-V22.1-23-05,Keine überschreibenden globalen CSS Regeln,Keine vollständige Erfüllung/Abnahme für diese Gesamtanforderung nachgewiesen. Teilnachweise dürfen nicht als Vollabnahme gelten.,report.md; root-causes.json; route-states.json,Nicht bestanden
V22.1-23-06,23,Automatische Architektur Regression Standardsicherung,Alle UX-Owner und Verbraucher,Offener Folgeschritt im verbindlichen Gesamtauftrag; siehe Root-Cause-/Phasenbericht.,source-inventory.json.gz: routes/renderCatalog/cssRules; data-/schema-inventory.json,Quellcode + fachlicher Integrationstest + gerenderte Geometrie/Interaktion soweit einschlägig,TC-V22.1-23-06,Automatische Architektur Regression Standardsicherung,Keine vollständige Erfüllung/Abnahme für diese Gesamtanforderung nachgewiesen. Teilnachweise dürfen nicht als Vollabnahme gelten.,report.md; root-causes.json; route-states.json,Nicht bestanden
V22.1-24-01,24,Schneller Zyklus statisch Lint Typecheck gezielte Unit Integration Screenshots schmal,Gesamte Anwendung inklusive Public/Operator-Regression,Offener Folgeschritt im verbindlichen Gesamtauftrag; siehe Root-Cause-/Phasenbericht.,source-inventory.json.gz: routes/renderCatalog/cssRules; data-/schema-inventory.json,Quellcode + fachlicher Integrationstest + gerenderte Geometrie/Interaktion soweit einschlägig,TC-V22.1-24-01,Schneller Zyklus statisch Lint Typecheck gezielte Unit Integration Screenshots schmal,Keine vollständige Erfüllung/Abnahme für diese Gesamtanforderung nachgewiesen. Teilnachweise dürfen nicht als Vollabnahme gelten.,report.md; root-causes.json; route-states.json,Nicht bestanden
V22.1-24-02,24,Nicht volle E2E nach jedem UI Schritt,Gesamte Anwendung inklusive Public/Operator-Regression,Offener Folgeschritt im verbindlichen Gesamtauftrag; siehe Root-Cause-/Phasenbericht.,source-inventory.json.gz: routes/renderCatalog/cssRules; data-/schema-inventory.json,Quellcode + fachlicher Integrationstest + gerenderte Geometrie/Interaktion soweit einschlägig,TC-V22.1-24-02,Nicht volle E2E nach jedem UI Schritt,Keine vollständige Erfüllung/Abnahme für diese Gesamtanforderung nachgewiesen. Teilnachweise dürfen nicht als Vollabnahme gelten.,report.md; root-causes.json; route-states.json,Nicht bestanden
V22.1-24-03,24,Abschluss vollständiger Lint Typecheck Produktionsbuild,Gesamte Anwendung inklusive Public/Operator-Regression,Offener Folgeschritt im verbindlichen Gesamtauftrag; siehe Root-Cause-/Phasenbericht.,source-inventory.json.gz: routes/renderCatalog/cssRules; data-/schema-inventory.json,Quellcode + fachlicher Integrationstest + gerenderte Geometrie/Interaktion soweit einschlägig,TC-V22.1-24-03,Abschluss vollständiger Lint Typecheck Produktionsbuild,Keine vollständige Erfüllung/Abnahme für diese Gesamtanforderung nachgewiesen. Teilnachweise dürfen nicht als Vollabnahme gelten.,report.md; root-causes.json; route-states.json,Nicht bestanden
V22.1-24-04,24,Relevante Unit Integration Geschäfts E2E,Gesamte Anwendung inklusive Public/Operator-Regression,Offener Folgeschritt im verbindlichen Gesamtauftrag; siehe Root-Cause-/Phasenbericht.,source-inventory.json.gz: routes/renderCatalog/cssRules; data-/schema-inventory.json,Quellcode + fachlicher Integrationstest + gerenderte Geometrie/Interaktion soweit einschlägig,TC-V22.1-24-04,Relevante Unit Integration Geschäfts E2E,Keine vollständige Erfüllung/Abnahme für diese Gesamtanforderung nachgewiesen. Teilnachweise dürfen nicht als Vollabnahme gelten.,report.md; root-causes.json; route-states.json,Nicht bestanden
V22.1-24-05,24,iOS Safari Android Chrome Desktop Tablet installierte PWA,Gesamte Anwendung inklusive Public/Operator-Regression,Offener Folgeschritt im verbindlichen Gesamtauftrag; siehe Root-Cause-/Phasenbericht.,source-inventory.json.gz: routes/renderCatalog/cssRules; data-/schema-inventory.json,Quellcode + fachlicher Integrationstest + gerenderte Geometrie/Interaktion soweit einschlägig,TC-V22.1-24-05,iOS Safari Android Chrome Desktop Tablet installierte PWA,Keine echten iOS-/Android-Geräte oder installierte PWA verfügbar. WebKit-Download in dieser Umgebung fehlgeschlagen.,report.md; root-causes.json; route-states.json,Blockiert
V22.1-24-06,24,A11y Datenintegrität API Rechte QR Migration,Gesamte Anwendung inklusive Public/Operator-Regression,Offener Folgeschritt im verbindlichen Gesamtauftrag; siehe Root-Cause-/Phasenbericht.,source-inventory.json.gz: routes/renderCatalog/cssRules; data-/schema-inventory.json,Quellcode + fachlicher Integrationstest + gerenderte Geometrie/Interaktion soweit einschlägig,TC-V22.1-24-06,A11y Datenintegrität API Rechte QR Migration,Keine vollständige Erfüllung/Abnahme für diese Gesamtanforderung nachgewiesen. Teilnachweise dürfen nicht als Vollabnahme gelten.,report.md; root-causes.json; route-states.json,Nicht bestanden
V22.1-24-07,24,Landing Admin Regression,Gesamte Anwendung inklusive Public/Operator-Regression,Offener Folgeschritt im verbindlichen Gesamtauftrag; siehe Root-Cause-/Phasenbericht.,source-inventory.json.gz: routes/renderCatalog/cssRules; data-/schema-inventory.json,Quellcode + fachlicher Integrationstest + gerenderte Geometrie/Interaktion soweit einschlägig,TC-V22.1-24-07,Landing Admin Regression,Keine vollständige Erfüllung/Abnahme für diese Gesamtanforderung nachgewiesen. Teilnachweise dürfen nicht als Vollabnahme gelten.,report.md; root-causes.json; route-states.json,Nicht bestanden
V22.1-24-08,24,Breiten 320 360 375 390 430 768 820 1024 1280 1440 1920,Gesamte Anwendung inklusive Public/Operator-Regression,Offener Folgeschritt im verbindlichen Gesamtauftrag; siehe Root-Cause-/Phasenbericht.,source-inventory.json.gz: routes/renderCatalog/cssRules; data-/schema-inventory.json,Quellcode + fachlicher Integrationstest + gerenderte Geometrie/Interaktion soweit einschlägig,TC-V22.1-24-08,Breiten 320 360 375 390 430 768 820 1024 1280 1440 1920,Keine vollständige Erfüllung/Abnahme für diese Gesamtanforderung nachgewiesen. Teilnachweise dürfen nicht als Vollabnahme gelten.,report.md; root-causes.json; route-states.json,Nicht bestanden
V22.1-24-09,24,Kurze Höhe Zoom Textskalierung,Gesamte Anwendung inklusive Public/Operator-Regression,Offener Folgeschritt im verbindlichen Gesamtauftrag; siehe Root-Cause-/Phasenbericht.,source-inventory.json.gz: routes/renderCatalog/cssRules; data-/schema-inventory.json,Quellcode + fachlicher Integrationstest + gerenderte Geometrie/Interaktion soweit einschlägig,TC-V22.1-24-09,Kurze Höhe Zoom Textskalierung,Keine vollständige Erfüllung/Abnahme für diese Gesamtanforderung nachgewiesen. Teilnachweise dürfen nicht als Vollabnahme gelten.,report.md; root-causes.json; route-states.json,Nicht bestanden
V22.1-25-01,25,Headeraktionen ausschliesslich zentral,Gesamte Kunden-App,Offener Folgeschritt im verbindlichen Gesamtauftrag; siehe Root-Cause-/Phasenbericht.,source-inventory.json.gz: routes/renderCatalog/cssRules; data-/schema-inventory.json,Quellcode + fachlicher Integrationstest + gerenderte Geometrie/Interaktion soweit einschlägig,TC-V22.1-25-01,Headeraktionen ausschliesslich zentral,Keine vollständige Erfüllung/Abnahme für diese Gesamtanforderung nachgewiesen. Teilnachweise dürfen nicht als Vollabnahme gelten.,report.md; root-causes.json; route-states.json,Nicht bestanden
V22.1-25-02,25,Kein zweiter Zurück im Detailcontent,Gesamte Kunden-App,Offener Folgeschritt im verbindlichen Gesamtauftrag; siehe Root-Cause-/Phasenbericht.,source-inventory.json.gz: routes/renderCatalog/cssRules; data-/schema-inventory.json,Quellcode + fachlicher Integrationstest + gerenderte Geometrie/Interaktion soweit einschlägig,TC-V22.1-25-02,Kein zweiter Zurück im Detailcontent,Keine vollständige Erfüllung/Abnahme für diese Gesamtanforderung nachgewiesen. Teilnachweise dürfen nicht als Vollabnahme gelten.,report.md; root-causes.json; route-states.json,Nicht bestanden
V22.1-25-03,25,Kein zweiter Ellipsis im Detailcontent,Gesamte Kunden-App,Offener Folgeschritt im verbindlichen Gesamtauftrag; siehe Root-Cause-/Phasenbericht.,source-inventory.json.gz: routes/renderCatalog/cssRules; data-/schema-inventory.json,Quellcode + fachlicher Integrationstest + gerenderte Geometrie/Interaktion soweit einschlägig,TC-V22.1-25-03,Kein zweiter Ellipsis im Detailcontent,Keine vollständige Erfüllung/Abnahme für diese Gesamtanforderung nachgewiesen. Teilnachweise dürfen nicht als Vollabnahme gelten.,report.md; root-causes.json; route-states.json,Nicht bestanden
V22.1-25-04,25,Logo Avatar Header Content Raster,Gesamte Kunden-App,Offener Folgeschritt im verbindlichen Gesamtauftrag; siehe Root-Cause-/Phasenbericht.,source-inventory.json.gz: routes/renderCatalog/cssRules; data-/schema-inventory.json,Quellcode + fachlicher Integrationstest + gerenderte Geometrie/Interaktion soweit einschlägig,TC-V22.1-25-04,Logo Avatar Header Content Raster,Keine vollständige Erfüllung/Abnahme für diese Gesamtanforderung nachgewiesen. Teilnachweise dürfen nicht als Vollabnahme gelten.,report.md; root-causes.json; route-states.json,Nicht bestanden
V22.1-25-05,25,Gleiche Aussenränder alle Abschnitte,Gesamte Kunden-App,Offener Folgeschritt im verbindlichen Gesamtauftrag; siehe Root-Cause-/Phasenbericht.,source-inventory.json.gz: routes/renderCatalog/cssRules; data-/schema-inventory.json,Quellcode + fachlicher Integrationstest + gerenderte Geometrie/Interaktion soweit einschlägig,TC-V22.1-25-05,Gleiche Aussenränder alle Abschnitte,Keine vollständige Erfüllung/Abnahme für diese Gesamtanforderung nachgewiesen. Teilnachweise dürfen nicht als Vollabnahme gelten.,report.md; root-causes.json; route-states.json,Nicht bestanden
V22.1-25-06,25,Keine Karte um dunkle Charts,Gesamte Kunden-App,Offener Folgeschritt im verbindlichen Gesamtauftrag; siehe Root-Cause-/Phasenbericht.,source-inventory.json.gz: routes/renderCatalog/cssRules; data-/schema-inventory.json,Quellcode + fachlicher Integrationstest + gerenderte Geometrie/Interaktion soweit einschlägig,TC-V22.1-25-06,Keine Karte um dunkle Charts,Keine vollständige Erfüllung/Abnahme für diese Gesamtanforderung nachgewiesen. Teilnachweise dürfen nicht als Vollabnahme gelten.,report.md; root-causes.json; route-states.json,Nicht bestanden
V22.1-25-07,25,Keine Stammdaten Listenrahmen,Gesamte Kunden-App,Offener Folgeschritt im verbindlichen Gesamtauftrag; siehe Root-Cause-/Phasenbericht.,source-inventory.json.gz: routes/renderCatalog/cssRules; data-/schema-inventory.json,Quellcode + fachlicher Integrationstest + gerenderte Geometrie/Interaktion soweit einschlägig,TC-V22.1-25-07,Keine Stammdaten Listenrahmen,Keine vollständige Erfüllung/Abnahme für diese Gesamtanforderung nachgewiesen. Teilnachweise dürfen nicht als Vollabnahme gelten.,report.md; root-causes.json; route-states.json,Nicht bestanden
V22.1-25-08,25,Keine direkt doppelten Divider,Gesamte Kunden-App,Offener Folgeschritt im verbindlichen Gesamtauftrag; siehe Root-Cause-/Phasenbericht.,source-inventory.json.gz: routes/renderCatalog/cssRules; data-/schema-inventory.json,Quellcode + fachlicher Integrationstest + gerenderte Geometrie/Interaktion soweit einschlägig,TC-V22.1-25-08,Keine direkt doppelten Divider,Keine vollständige Erfüllung/Abnahme für diese Gesamtanforderung nachgewiesen. Teilnachweise dürfen nicht als Vollabnahme gelten.,report.md; root-causes.json; route-states.json,Nicht bestanden
V22.1-25-09,25,Heading Inhaltsabstände gleich,Gesamte Kunden-App,Offener Folgeschritt im verbindlichen Gesamtauftrag; siehe Root-Cause-/Phasenbericht.,source-inventory.json.gz: routes/renderCatalog/cssRules; data-/schema-inventory.json,Quellcode + fachlicher Integrationstest + gerenderte Geometrie/Interaktion soweit einschlägig,TC-V22.1-25-09,Heading Inhaltsabstände gleich,Keine vollständige Erfüllung/Abnahme für diese Gesamtanforderung nachgewiesen. Teilnachweise dürfen nicht als Vollabnahme gelten.,report.md; root-causes.json; route-states.json,Nicht bestanden
V22.1-25-10,25,Label Feldabstände gleich,Gesamte Kunden-App,Offener Folgeschritt im verbindlichen Gesamtauftrag; siehe Root-Cause-/Phasenbericht.,source-inventory.json.gz: routes/renderCatalog/cssRules; data-/schema-inventory.json,Quellcode + fachlicher Integrationstest + gerenderte Geometrie/Interaktion soweit einschlägig,TC-V22.1-25-10,Label Feldabstände gleich,Keine vollständige Erfüllung/Abnahme für diese Gesamtanforderung nachgewiesen. Teilnachweise dürfen nicht als Vollabnahme gelten.,report.md; root-causes.json; route-states.json,Nicht bestanden
V22.1-25-11,25,Kunden Suche Filter Plus Reihenfolge,Gesamte Kunden-App,Offener Folgeschritt im verbindlichen Gesamtauftrag; siehe Root-Cause-/Phasenbericht.,source-inventory.json.gz: routes/renderCatalog/cssRules; data-/schema-inventory.json,Quellcode + fachlicher Integrationstest + gerenderte Geometrie/Interaktion soweit einschlägig,TC-V22.1-25-11,Kunden Suche Filter Plus Reihenfolge,Keine vollständige Erfüllung/Abnahme für diese Gesamtanforderung nachgewiesen. Teilnachweise dürfen nicht als Vollabnahme gelten.,report.md; root-causes.json; route-states.json,Nicht bestanden
V22.1-25-12,25,Kunden keine Kontakte Tabs,Gesamte Kunden-App,Offener Folgeschritt im verbindlichen Gesamtauftrag; siehe Root-Cause-/Phasenbericht.,source-inventory.json.gz: routes/renderCatalog/cssRules; data-/schema-inventory.json,Quellcode + fachlicher Integrationstest + gerenderte Geometrie/Interaktion soweit einschlägig,TC-V22.1-25-12,Kunden keine Kontakte Tabs,Keine vollständige Erfüllung/Abnahme für diese Gesamtanforderung nachgewiesen. Teilnachweise dürfen nicht als Vollabnahme gelten.,report.md; root-causes.json; route-states.json,Nicht bestanden
V22.1-25-13,25,Kundendetail vier Tabs,Gesamte Kunden-App,Offener Folgeschritt im verbindlichen Gesamtauftrag; siehe Root-Cause-/Phasenbericht.,source-inventory.json.gz: routes/renderCatalog/cssRules; data-/schema-inventory.json,Quellcode + fachlicher Integrationstest + gerenderte Geometrie/Interaktion soweit einschlägig,TC-V22.1-25-13,Kundendetail vier Tabs,Keine vollständige Erfüllung/Abnahme für diese Gesamtanforderung nachgewiesen. Teilnachweise dürfen nicht als Vollabnahme gelten.,report.md; root-causes.json; route-states.json,Nicht bestanden
V22.1-25-14,25,Neue Statistik tatsächlich gerendert,Gesamte Kunden-App,Offener Folgeschritt im verbindlichen Gesamtauftrag; siehe Root-Cause-/Phasenbericht.,source-inventory.json.gz: routes/renderCatalog/cssRules; data-/schema-inventory.json,Quellcode + fachlicher Integrationstest + gerenderte Geometrie/Interaktion soweit einschlägig,TC-V22.1-25-14,Neue Statistik tatsächlich gerendert,Keine vollständige Erfüllung/Abnahme für diese Gesamtanforderung nachgewiesen. Teilnachweise dürfen nicht als Vollabnahme gelten.,report.md; root-causes.json; route-states.json,Nicht bestanden
V22.1-25-15,25,Alte Text KPIs ersetzt,Gesamte Kunden-App,Offener Folgeschritt im verbindlichen Gesamtauftrag; siehe Root-Cause-/Phasenbericht.,source-inventory.json.gz: routes/renderCatalog/cssRules; data-/schema-inventory.json,Quellcode + fachlicher Integrationstest + gerenderte Geometrie/Interaktion soweit einschlägig,TC-V22.1-25-15,Alte Text KPIs ersetzt,Keine vollständige Erfüllung/Abnahme für diese Gesamtanforderung nachgewiesen. Teilnachweise dürfen nicht als Vollabnahme gelten.,report.md; root-causes.json; route-states.json,Nicht bestanden
V22.1-25-16,25,1 3 6 12 Monate funktioniert,Gesamte Kunden-App,"Zentraler Renderer: Kalender-Sheet, inklusive valide UTC-Kalendertage, adaptive Aggregation, reale gemeinsame KPI/Chart-Werte, Null ohne künstliche Säule, Sessionzustand; Rechnungsliste unabhängig.",components/statistics.tsx:11; lib/statistics-period.ts:11,Quellcode + fachlicher Integrationstest + gerenderte Geometrie/Interaktion soweit einschlägig,TC-V22.1-25-16,1 3 6 12 Monate funktioniert,"Zentraler Renderer: Kalender-Sheet, inklusive valide UTC-Kalendertage, adaptive Aggregation, reale gemeinsame KPI/Chart-Werte, Null ohne künstliche Säule, Sessionzustand; Rechnungsliste unabhängig.","statistics-test.mjs + Chromium finance-Interaktion / matrix/results-light,dark.json",Bestanden
V22.1-25-17,25,Eigener Zeitraum funktioniert,Gesamte Kunden-App,"Zentraler Renderer: Kalender-Sheet, inklusive valide UTC-Kalendertage, adaptive Aggregation, reale gemeinsame KPI/Chart-Werte, Null ohne künstliche Säule, Sessionzustand; Rechnungsliste unabhängig.",components/statistics.tsx:11; lib/statistics-period.ts:11,Quellcode + fachlicher Integrationstest + gerenderte Geometrie/Interaktion soweit einschlägig,TC-V22.1-25-17,Eigener Zeitraum funktioniert,"Zentraler Renderer: Kalender-Sheet, inklusive valide UTC-Kalendertage, adaptive Aggregation, reale gemeinsame KPI/Chart-Werte, Null ohne künstliche Säule, Sessionzustand; Rechnungsliste unabhängig.","statistics-test.mjs + Chromium finance-Interaktion / matrix/results-light,dark.json",Bestanden
V22.1-25-18,25,KPIs und Chart gemeinsam aktualisiert,Gesamte Kunden-App,"Zentraler Renderer: Kalender-Sheet, inklusive valide UTC-Kalendertage, adaptive Aggregation, reale gemeinsame KPI/Chart-Werte, Null ohne künstliche Säule, Sessionzustand; Rechnungsliste unabhängig.",components/statistics.tsx:11; lib/statistics-period.ts:11,Quellcode + fachlicher Integrationstest + gerenderte Geometrie/Interaktion soweit einschlägig,TC-V22.1-25-18,KPIs und Chart gemeinsam aktualisiert,"Zentraler Renderer: Kalender-Sheet, inklusive valide UTC-Kalendertage, adaptive Aggregation, reale gemeinsame KPI/Chart-Werte, Null ohne künstliche Säule, Sessionzustand; Rechnungsliste unabhängig.","statistics-test.mjs + Chromium finance-Interaktion / matrix/results-light,dark.json",Bestanden
V22.1-25-19,25,Kein zweiter Sortierbutton,Gesamte Kunden-App,Offener Folgeschritt im verbindlichen Gesamtauftrag; siehe Root-Cause-/Phasenbericht.,source-inventory.json.gz: routes/renderCatalog/cssRules; data-/schema-inventory.json,Quellcode + fachlicher Integrationstest + gerenderte Geometrie/Interaktion soweit einschlägig,TC-V22.1-25-19,Kein zweiter Sortierbutton,Keine vollständige Erfüllung/Abnahme für diese Gesamtanforderung nachgewiesen. Teilnachweise dürfen nicht als Vollabnahme gelten.,report.md; root-causes.json; route-states.json,Nicht bestanden
V22.1-25-20,25,Filter Sheet gemeinsame Felder Abstände,Gesamte Kunden-App,Offener Folgeschritt im verbindlichen Gesamtauftrag; siehe Root-Cause-/Phasenbericht.,source-inventory.json.gz: routes/renderCatalog/cssRules; data-/schema-inventory.json,Quellcode + fachlicher Integrationstest + gerenderte Geometrie/Interaktion soweit einschlägig,TC-V22.1-25-20,Filter Sheet gemeinsame Felder Abstände,Keine vollständige Erfüllung/Abnahme für diese Gesamtanforderung nachgewiesen. Teilnachweise dürfen nicht als Vollabnahme gelten.,report.md; root-causes.json; route-states.json,Nicht bestanden
V22.1-25-21,25,Mobile Sheet Wizard,Gesamte Kunden-App,Offener Folgeschritt im verbindlichen Gesamtauftrag; siehe Root-Cause-/Phasenbericht.,source-inventory.json.gz: routes/renderCatalog/cssRules; data-/schema-inventory.json,Quellcode + fachlicher Integrationstest + gerenderte Geometrie/Interaktion soweit einschlägig,TC-V22.1-25-21,Mobile Sheet Wizard,Keine vollständige Erfüllung/Abnahme für diese Gesamtanforderung nachgewiesen. Teilnachweise dürfen nicht als Vollabnahme gelten.,report.md; root-causes.json; route-states.json,Nicht bestanden
V22.1-25-22,25,Pflicht Präfix Beispiele konsistent,Gesamte Kunden-App,Offener Folgeschritt im verbindlichen Gesamtauftrag; siehe Root-Cause-/Phasenbericht.,source-inventory.json.gz: routes/renderCatalog/cssRules; data-/schema-inventory.json,Quellcode + fachlicher Integrationstest + gerenderte Geometrie/Interaktion soweit einschlägig,TC-V22.1-25-22,Pflicht Präfix Beispiele konsistent,Keine vollständige Erfüllung/Abnahme für diese Gesamtanforderung nachgewiesen. Teilnachweise dürfen nicht als Vollabnahme gelten.,report.md; root-causes.json; route-states.json,Nicht bestanden
V22.1-25-23,25,Keine Nummern bei Neuerfassung,Gesamte Kunden-App,Offener Folgeschritt im verbindlichen Gesamtauftrag; siehe Root-Cause-/Phasenbericht.,source-inventory.json.gz: routes/renderCatalog/cssRules; data-/schema-inventory.json,Quellcode + fachlicher Integrationstest + gerenderte Geometrie/Interaktion soweit einschlägig,TC-V22.1-25-23,Keine Nummern bei Neuerfassung,Keine vollständige Erfüllung/Abnahme für diese Gesamtanforderung nachgewiesen. Teilnachweise dürfen nicht als Vollabnahme gelten.,report.md; root-causes.json; route-states.json,Nicht bestanden
V22.1-25-24,25,Detailnummern nach Erstellung,Gesamte Kunden-App,Offener Folgeschritt im verbindlichen Gesamtauftrag; siehe Root-Cause-/Phasenbericht.,source-inventory.json.gz: routes/renderCatalog/cssRules; data-/schema-inventory.json,Quellcode + fachlicher Integrationstest + gerenderte Geometrie/Interaktion soweit einschlägig,TC-V22.1-25-24,Detailnummern nach Erstellung,Keine vollständige Erfüllung/Abnahme für diese Gesamtanforderung nachgewiesen. Teilnachweise dürfen nicht als Vollabnahme gelten.,report.md; root-causes.json; route-states.json,Nicht bestanden
V22.1-25-25,25,Bottom Nav visuell funktional identisch,Gesamte Kunden-App,Navigation bleibt byte-/vertragsgleich inklusive transitiver Tokens.,components/app-shell.tsx:414; app/styles/responsive.css:1,Quellcode + fachlicher Integrationstest + gerenderte Geometrie/Interaktion soweit einschlägig,TC-V22.1-25-25,Bottom Nav visuell funktional identisch,Navigation bleibt byte-/vertragsgleich inklusive transitiver Tokens.,"navigation-contract-test.mjs + navigation-foundation-test.mjs, frisch ausgeführt",Bestanden
V22.1-26-01,26,Geschäftskunde minimal erstellen,Geschäftsprozesse laut Einzeltest,Offener Folgeschritt im verbindlichen Gesamtauftrag; siehe Root-Cause-/Phasenbericht.,source-inventory.json.gz: routes/renderCatalog/cssRules; data-/schema-inventory.json,Quellcode + fachlicher Integrationstest + gerenderte Geometrie/Interaktion soweit einschlägig,TC-V22.1-26-01,Geschäftskunde minimal erstellen,Keine vollständige Erfüllung/Abnahme für diese Gesamtanforderung nachgewiesen. Teilnachweise dürfen nicht als Vollabnahme gelten.,report.md; root-causes.json; route-states.json,Nicht bestanden
V22.1-26-02,26,Privatkunde minimal erstellen,Geschäftsprozesse laut Einzeltest,Offener Folgeschritt im verbindlichen Gesamtauftrag; siehe Root-Cause-/Phasenbericht.,source-inventory.json.gz: routes/renderCatalog/cssRules; data-/schema-inventory.json,Quellcode + fachlicher Integrationstest + gerenderte Geometrie/Interaktion soweit einschlägig,TC-V22.1-26-02,Privatkunde minimal erstellen,Keine vollständige Erfüllung/Abnahme für diese Gesamtanforderung nachgewiesen. Teilnachweise dürfen nicht als Vollabnahme gelten.,report.md; root-causes.json; route-states.json,Nicht bestanden
V22.1-26-03,26,Optionale Daten ergänzen,Geschäftsprozesse laut Einzeltest,Offener Folgeschritt im verbindlichen Gesamtauftrag; siehe Root-Cause-/Phasenbericht.,source-inventory.json.gz: routes/renderCatalog/cssRules; data-/schema-inventory.json,Quellcode + fachlicher Integrationstest + gerenderte Geometrie/Interaktion soweit einschlägig,TC-V22.1-26-03,Optionale Daten ergänzen,Keine vollständige Erfüllung/Abnahme für diese Gesamtanforderung nachgewiesen. Teilnachweise dürfen nicht als Vollabnahme gelten.,report.md; root-causes.json; route-states.json,Nicht bestanden
V22.1-26-04,26,Kundendetail öffnen,Geschäftsprozesse laut Einzeltest,Offener Folgeschritt im verbindlichen Gesamtauftrag; siehe Root-Cause-/Phasenbericht.,source-inventory.json.gz: routes/renderCatalog/cssRules; data-/schema-inventory.json,Quellcode + fachlicher Integrationstest + gerenderte Geometrie/Interaktion soweit einschlägig,TC-V22.1-26-04,Kundendetail öffnen,Keine vollständige Erfüllung/Abnahme für diese Gesamtanforderung nachgewiesen. Teilnachweise dürfen nicht als Vollabnahme gelten.,report.md; root-causes.json; route-states.json,Nicht bestanden
V22.1-26-05,26,Kontakt erfassen,Geschäftsprozesse laut Einzeltest,Offener Folgeschritt im verbindlichen Gesamtauftrag; siehe Root-Cause-/Phasenbericht.,source-inventory.json.gz: routes/renderCatalog/cssRules; data-/schema-inventory.json,Quellcode + fachlicher Integrationstest + gerenderte Geometrie/Interaktion soweit einschlägig,TC-V22.1-26-05,Kontakt erfassen,Keine vollständige Erfüllung/Abnahme für diese Gesamtanforderung nachgewiesen. Teilnachweise dürfen nicht als Vollabnahme gelten.,report.md; root-causes.json; route-states.json,Nicht bestanden
V22.1-26-06,26,Kundenrechnung suchen,Geschäftsprozesse laut Einzeltest,Offener Folgeschritt im verbindlichen Gesamtauftrag; siehe Root-Cause-/Phasenbericht.,source-inventory.json.gz: routes/renderCatalog/cssRules; data-/schema-inventory.json,Quellcode + fachlicher Integrationstest + gerenderte Geometrie/Interaktion soweit einschlägig,TC-V22.1-26-06,Kundenrechnung suchen,Keine vollständige Erfüllung/Abnahme für diese Gesamtanforderung nachgewiesen. Teilnachweise dürfen nicht als Vollabnahme gelten.,report.md; root-causes.json; route-states.json,Nicht bestanden
V22.1-26-07,26,Exakte Rechnungsnummer suchen,Geschäftsprozesse laut Einzeltest,Offener Folgeschritt im verbindlichen Gesamtauftrag; siehe Root-Cause-/Phasenbericht.,source-inventory.json.gz: routes/renderCatalog/cssRules; data-/schema-inventory.json,Quellcode + fachlicher Integrationstest + gerenderte Geometrie/Interaktion soweit einschlägig,TC-V22.1-26-07,Exakte Rechnungsnummer suchen,Keine vollständige Erfüllung/Abnahme für diese Gesamtanforderung nachgewiesen. Teilnachweise dürfen nicht als Vollabnahme gelten.,report.md; root-causes.json; route-states.json,Nicht bestanden
V22.1-26-08,26,Filter anwenden zurücksetzen,Geschäftsprozesse laut Einzeltest,Offener Folgeschritt im verbindlichen Gesamtauftrag; siehe Root-Cause-/Phasenbericht.,source-inventory.json.gz: routes/renderCatalog/cssRules; data-/schema-inventory.json,Quellcode + fachlicher Integrationstest + gerenderte Geometrie/Interaktion soweit einschlägig,TC-V22.1-26-08,Filter anwenden zurücksetzen,Keine vollständige Erfüllung/Abnahme für diese Gesamtanforderung nachgewiesen. Teilnachweise dürfen nicht als Vollabnahme gelten.,report.md; root-causes.json; route-states.json,Nicht bestanden
V22.1-26-09,26,Sortieren,Geschäftsprozesse laut Einzeltest,Offener Folgeschritt im verbindlichen Gesamtauftrag; siehe Root-Cause-/Phasenbericht.,source-inventory.json.gz: routes/renderCatalog/cssRules; data-/schema-inventory.json,Quellcode + fachlicher Integrationstest + gerenderte Geometrie/Interaktion soweit einschlägig,TC-V22.1-26-09,Sortieren,Keine vollständige Erfüllung/Abnahme für diese Gesamtanforderung nachgewiesen. Teilnachweise dürfen nicht als Vollabnahme gelten.,report.md; root-causes.json; route-states.json,Nicht bestanden
V22.1-26-10,26,Detail und gleiche Listenposition,Geschäftsprozesse laut Einzeltest,Offener Folgeschritt im verbindlichen Gesamtauftrag; siehe Root-Cause-/Phasenbericht.,source-inventory.json.gz: routes/renderCatalog/cssRules; data-/schema-inventory.json,Quellcode + fachlicher Integrationstest + gerenderte Geometrie/Interaktion soweit einschlägig,TC-V22.1-26-10,Detail und gleiche Listenposition,Keine vollständige Erfüllung/Abnahme für diese Gesamtanforderung nachgewiesen. Teilnachweise dürfen nicht als Vollabnahme gelten.,report.md; root-causes.json; route-states.json,Nicht bestanden
V22.1-26-11,26,Angebot im Sheet,Geschäftsprozesse laut Einzeltest,Offener Folgeschritt im verbindlichen Gesamtauftrag; siehe Root-Cause-/Phasenbericht.,source-inventory.json.gz: routes/renderCatalog/cssRules; data-/schema-inventory.json,Quellcode + fachlicher Integrationstest + gerenderte Geometrie/Interaktion soweit einschlägig,TC-V22.1-26-11,Angebot im Sheet,Keine vollständige Erfüllung/Abnahme für diese Gesamtanforderung nachgewiesen. Teilnachweise dürfen nicht als Vollabnahme gelten.,report.md; root-causes.json; route-states.json,Nicht bestanden
V22.1-26-12,26,Rechnung im Sheet,Geschäftsprozesse laut Einzeltest,Offener Folgeschritt im verbindlichen Gesamtauftrag; siehe Root-Cause-/Phasenbericht.,source-inventory.json.gz: routes/renderCatalog/cssRules; data-/schema-inventory.json,Quellcode + fachlicher Integrationstest + gerenderte Geometrie/Interaktion soweit einschlägig,TC-V22.1-26-12,Rechnung im Sheet,Keine vollständige Erfüllung/Abnahme für diese Gesamtanforderung nachgewiesen. Teilnachweise dürfen nicht als Vollabnahme gelten.,report.md; root-causes.json; route-states.json,Nicht bestanden
V22.1-26-13,26,Pflichtdaten nachfordern,Geschäftsprozesse laut Einzeltest,Offener Folgeschritt im verbindlichen Gesamtauftrag; siehe Root-Cause-/Phasenbericht.,source-inventory.json.gz: routes/renderCatalog/cssRules; data-/schema-inventory.json,Quellcode + fachlicher Integrationstest + gerenderte Geometrie/Interaktion soweit einschlägig,TC-V22.1-26-13,Pflichtdaten nachfordern,Keine vollständige Erfüllung/Abnahme für diese Gesamtanforderung nachgewiesen. Teilnachweise dürfen nicht als Vollabnahme gelten.,report.md; root-causes.json; route-states.json,Nicht bestanden
V22.1-26-14,26,MWST Positionen berechnen,Geschäftsprozesse laut Einzeltest,Offener Folgeschritt im verbindlichen Gesamtauftrag; siehe Root-Cause-/Phasenbericht.,source-inventory.json.gz: routes/renderCatalog/cssRules; data-/schema-inventory.json,Quellcode + fachlicher Integrationstest + gerenderte Geometrie/Interaktion soweit einschlägig,TC-V22.1-26-14,MWST Positionen berechnen,Keine vollständige Erfüllung/Abnahme für diese Gesamtanforderung nachgewiesen. Teilnachweise dürfen nicht als Vollabnahme gelten.,report.md; root-causes.json; route-states.json,Nicht bestanden
V22.1-26-15,26,Abbrechen Wiederaufnahme,Geschäftsprozesse laut Einzeltest,Offener Folgeschritt im verbindlichen Gesamtauftrag; siehe Root-Cause-/Phasenbericht.,source-inventory.json.gz: routes/renderCatalog/cssRules; data-/schema-inventory.json,Quellcode + fachlicher Integrationstest + gerenderte Geometrie/Interaktion soweit einschlägig,TC-V22.1-26-15,Abbrechen Wiederaufnahme,Keine vollständige Erfüllung/Abnahme für diese Gesamtanforderung nachgewiesen. Teilnachweise dürfen nicht als Vollabnahme gelten.,report.md; root-causes.json; route-states.json,Nicht bestanden
V22.1-26-16,26,Doppeltaps,Geschäftsprozesse laut Einzeltest,Offener Folgeschritt im verbindlichen Gesamtauftrag; siehe Root-Cause-/Phasenbericht.,source-inventory.json.gz: routes/renderCatalog/cssRules; data-/schema-inventory.json,Quellcode + fachlicher Integrationstest + gerenderte Geometrie/Interaktion soweit einschlägig,TC-V22.1-26-16,Doppeltaps,Keine vollständige Erfüllung/Abnahme für diese Gesamtanforderung nachgewiesen. Teilnachweise dürfen nicht als Vollabnahme gelten.,report.md; root-causes.json; route-states.json,Nicht bestanden
V22.1-26-17,26,IBAN QRIBAN,Geschäftsprozesse laut Einzeltest,Offener Folgeschritt im verbindlichen Gesamtauftrag; siehe Root-Cause-/Phasenbericht.,source-inventory.json.gz: routes/renderCatalog/cssRules; data-/schema-inventory.json,Quellcode + fachlicher Integrationstest + gerenderte Geometrie/Interaktion soweit einschlägig,TC-V22.1-26-17,IBAN QRIBAN,Keine vollständige Erfüllung/Abnahme für diese Gesamtanforderung nachgewiesen. Teilnachweise dürfen nicht als Vollabnahme gelten.,report.md; root-causes.json; route-states.json,Nicht bestanden
V22.1-26-18,26,QR Rechnung generieren,Geschäftsprozesse laut Einzeltest,Offener Folgeschritt im verbindlichen Gesamtauftrag; siehe Root-Cause-/Phasenbericht.,source-inventory.json.gz: routes/renderCatalog/cssRules; data-/schema-inventory.json,Quellcode + fachlicher Integrationstest + gerenderte Geometrie/Interaktion soweit einschlägig,TC-V22.1-26-18,QR Rechnung generieren,Keine vollständige Erfüllung/Abnahme für diese Gesamtanforderung nachgewiesen. Teilnachweise dürfen nicht als Vollabnahme gelten.,report.md; root-causes.json; route-states.json,Nicht bestanden
V22.1-26-19,26,Zeit erstellen,Geschäftsprozesse laut Einzeltest,Offener Folgeschritt im verbindlichen Gesamtauftrag; siehe Root-Cause-/Phasenbericht.,source-inventory.json.gz: routes/renderCatalog/cssRules; data-/schema-inventory.json,Quellcode + fachlicher Integrationstest + gerenderte Geometrie/Interaktion soweit einschlägig,TC-V22.1-26-19,Zeit erstellen,Keine vollständige Erfüllung/Abnahme für diese Gesamtanforderung nachgewiesen. Teilnachweise dürfen nicht als Vollabnahme gelten.,report.md; root-causes.json; route-states.json,Nicht bestanden
V22.1-26-20,26,Spesen erfassen,Geschäftsprozesse laut Einzeltest,Offener Folgeschritt im verbindlichen Gesamtauftrag; siehe Root-Cause-/Phasenbericht.,source-inventory.json.gz: routes/renderCatalog/cssRules; data-/schema-inventory.json,Quellcode + fachlicher Integrationstest + gerenderte Geometrie/Interaktion soweit einschlägig,TC-V22.1-26-20,Spesen erfassen,Keine vollständige Erfüllung/Abnahme für diese Gesamtanforderung nachgewiesen. Teilnachweise dürfen nicht als Vollabnahme gelten.,report.md; root-causes.json; route-states.json,Nicht bestanden
V22.1-26-21,26,Statistikzeiträume wechseln,Geschäftsprozesse laut Einzeltest,"Zentraler Renderer: Kalender-Sheet, inklusive valide UTC-Kalendertage, adaptive Aggregation, reale gemeinsame KPI/Chart-Werte, Null ohne künstliche Säule, Sessionzustand; Rechnungsliste unabhängig.",components/statistics.tsx:11; lib/statistics-period.ts:11,Quellcode + fachlicher Integrationstest + gerenderte Geometrie/Interaktion soweit einschlägig,TC-V22.1-26-21,Statistikzeiträume wechseln,"Zentraler Renderer: Kalender-Sheet, inklusive valide UTC-Kalendertage, adaptive Aggregation, reale gemeinsame KPI/Chart-Werte, Null ohne künstliche Säule, Sessionzustand; Rechnungsliste unabhängig.","statistics-test.mjs + Chromium finance-Interaktion / matrix/results-light,dark.json",Bestanden
V22.1-26-22,26,Eingeschränkte Rolle,Geschäftsprozesse laut Einzeltest,Offener Folgeschritt im verbindlichen Gesamtauftrag; siehe Root-Cause-/Phasenbericht.,source-inventory.json.gz: routes/renderCatalog/cssRules; data-/schema-inventory.json,Quellcode + fachlicher Integrationstest + gerenderte Geometrie/Interaktion soweit einschlägig,TC-V22.1-26-22,Eingeschränkte Rolle,Keine vollständige Erfüllung/Abnahme für diese Gesamtanforderung nachgewiesen. Teilnachweise dürfen nicht als Vollabnahme gelten.,report.md; root-causes.json; route-states.json,Nicht bestanden
V22.1-26-23,26,Mandantentrennung,Geschäftsprozesse laut Einzeltest,Offener Folgeschritt im verbindlichen Gesamtauftrag; siehe Root-Cause-/Phasenbericht.,source-inventory.json.gz: routes/renderCatalog/cssRules; data-/schema-inventory.json,Quellcode + fachlicher Integrationstest + gerenderte Geometrie/Interaktion soweit einschlägig,TC-V22.1-26-23,Mandantentrennung,Keine vollständige Erfüllung/Abnahme für diese Gesamtanforderung nachgewiesen. Teilnachweise dürfen nicht als Vollabnahme gelten.,report.md; root-causes.json; route-states.json,Nicht bestanden
V22.1-26-24,26,Erwartete beobachtete Ergebnisse dokumentieren,Geschäftsprozesse laut Einzeltest,Offener Folgeschritt im verbindlichen Gesamtauftrag; siehe Root-Cause-/Phasenbericht.,source-inventory.json.gz: routes/renderCatalog/cssRules; data-/schema-inventory.json,Quellcode + fachlicher Integrationstest + gerenderte Geometrie/Interaktion soweit einschlägig,TC-V22.1-26-24,Erwartete beobachtete Ergebnisse dokumentieren,Keine vollständige Erfüllung/Abnahme für diese Gesamtanforderung nachgewiesen. Teilnachweise dürfen nicht als Vollabnahme gelten.,report.md; root-causes.json; route-states.json,Nicht bestanden
V22.1-27-01,27,Phasen A bis J überprüfbar,Phasen A–J,Offener Folgeschritt im verbindlichen Gesamtauftrag; siehe Root-Cause-/Phasenbericht.,source-inventory.json.gz: routes/renderCatalog/cssRules; data-/schema-inventory.json,Quellcode + fachlicher Integrationstest + gerenderte Geometrie/Interaktion soweit einschlägig,TC-V22.1-27-01,Phasen A bis J überprüfbar,Keine vollständige Erfüllung/Abnahme für diese Gesamtanforderung nachgewiesen. Teilnachweise dürfen nicht als Vollabnahme gelten.,report.md; root-causes.json; route-states.json,Nicht bestanden
V22.1-27-02,27,Zusammenhängende PRs aktuelle Basis berücksichtigen,Phasen A–J,Offener Folgeschritt im verbindlichen Gesamtauftrag; siehe Root-Cause-/Phasenbericht.,source-inventory.json.gz: routes/renderCatalog/cssRules; data-/schema-inventory.json,Quellcode + fachlicher Integrationstest + gerenderte Geometrie/Interaktion soweit einschlägig,TC-V22.1-27-02,Zusammenhängende PRs aktuelle Basis berücksichtigen,Keine vollständige Erfüllung/Abnahme für diese Gesamtanforderung nachgewiesen. Teilnachweise dürfen nicht als Vollabnahme gelten.,report.md; root-causes.json; route-states.json,Nicht bestanden
V22.1-28-01,28,Branch Commit PRs integrierte laufende Arbeiten Actions Deploybasis vor Beginn,GitHub/Azure,"Basis cf1a98a6, Branch geprüft, PRs #214/#222/#231/#233 geprüft; Azure SHA entspricht Basis.",GitHub main / offene PRs / Azure /api/health,Quellcode + fachlicher Integrationstest + gerenderte Geometrie/Interaktion soweit einschlägig,TC-V22.1-28-01,Branch Commit PRs integrierte laufende Arbeiten Actions Deploybasis vor Beginn,"Basis cf1a98a6, Branch geprüft, PRs #214/#222/#231/#233 geprüft; Azure SHA entspricht Basis.",baseline.json,Bestanden
V22.1-28-02,28,Kein Force Push Überschreiben Secret Commit,GitHub/Azure,Offener Folgeschritt im verbindlichen Gesamtauftrag; siehe Root-Cause-/Phasenbericht.,source-inventory.json.gz: routes/renderCatalog/cssRules; data-/schema-inventory.json,Quellcode + fachlicher Integrationstest + gerenderte Geometrie/Interaktion soweit einschlägig,TC-V22.1-28-02,Kein Force Push Überschreiben Secret Commit,Keine vollständige Erfüllung/Abnahme für diese Gesamtanforderung nachgewiesen. Teilnachweise dürfen nicht als Vollabnahme gelten.,report.md; root-causes.json; route-states.json,Nicht bestanden
V22.1-28-03,28,Integration nach bestandenen Checks,GitHub/Azure,Offener Folgeschritt im verbindlichen Gesamtauftrag; siehe Root-Cause-/Phasenbericht.,source-inventory.json.gz: routes/renderCatalog/cssRules; data-/schema-inventory.json,Quellcode + fachlicher Integrationstest + gerenderte Geometrie/Interaktion soweit einschlägig,TC-V22.1-28-03,Integration nach bestandenen Checks,Gesamtauftrag und Endabnahme offen; deshalb kein Merge.,report.md; root-causes.json; route-states.json,Blockiert
V22.1-28-04,28,Actions Azure prüfen,GitHub/Azure,Offener Folgeschritt im verbindlichen Gesamtauftrag; siehe Root-Cause-/Phasenbericht.,source-inventory.json.gz: routes/renderCatalog/cssRules; data-/schema-inventory.json,Quellcode + fachlicher Integrationstest + gerenderte Geometrie/Interaktion soweit einschlägig,TC-V22.1-28-04,Actions Azure prüfen,Neue Version nicht freigegeben/deployed; Actions der Arbeits-PR separat prüfen.,report.md; root-causes.json; route-states.json,Blockiert
V22.1-28-05,28,Live Commit und Runtime bestätigt,GitHub/Azure,Offener Folgeschritt im verbindlichen Gesamtauftrag; siehe Root-Cause-/Phasenbericht.,source-inventory.json.gz: routes/renderCatalog/cssRules; data-/schema-inventory.json,Quellcode + fachlicher Integrationstest + gerenderte Geometrie/Interaktion soweit einschlägig,TC-V22.1-28-05,Live Commit und Runtime bestätigt,Nur die Ausgangsversion live bestätigt; neue Version nicht deployed.,report.md; root-causes.json; route-states.json,Blockiert
V22.1-28-06,28,Buildgrün allein keine Abnahme,GitHub/Azure,Offener Folgeschritt im verbindlichen Gesamtauftrag; siehe Root-Cause-/Phasenbericht.,source-inventory.json.gz: routes/renderCatalog/cssRules; data-/schema-inventory.json,Quellcode + fachlicher Integrationstest + gerenderte Geometrie/Interaktion soweit einschlägig,TC-V22.1-28-06,Buildgrün allein keine Abnahme,Keine vollständige Erfüllung/Abnahme für diese Gesamtanforderung nachgewiesen. Teilnachweise dürfen nicht als Vollabnahme gelten.,report.md; root-causes.json; route-states.json,Nicht bestanden
V22.1-29-01,29,IDs für sämtliche Anforderungen,Requirements- und Abnahmeunterlagen,338 IDs; keine ungeprüfte frühere Abnahme übernommen; ausschliesslich zulässige Status; Gesamtauftrag ausdrücklich nicht abgeschlossen.,docs/architecture/v22-1/requirements.json:1,Quellcode + fachlicher Integrationstest + gerenderte Geometrie/Interaktion soweit einschlägig,TC-V22.1-29-01,IDs für sämtliche Anforderungen,338 IDs; keine ungeprüfte frühere Abnahme übernommen; ausschliesslich zulässige Status; Gesamtauftrag ausdrücklich nicht abgeschlossen.,requirements.json / report.md,Bestanden
V22.1-29-02,29,Route Implementierung Datei Zeile Prüfmethode Test erwartet beobachtet Nachweis Status,Requirements- und Abnahmeunterlagen,Offener Folgeschritt im verbindlichen Gesamtauftrag; siehe Root-Cause-/Phasenbericht.,source-inventory.json.gz: routes/renderCatalog/cssRules; data-/schema-inventory.json,Quellcode + fachlicher Integrationstest + gerenderte Geometrie/Interaktion soweit einschlägig,TC-V22.1-29-02,Route Implementierung Datei Zeile Prüfmethode Test erwartet beobachtet Nachweis Status,Keine vollständige Erfüllung/Abnahme für diese Gesamtanforderung nachgewiesen. Teilnachweise dürfen nicht als Vollabnahme gelten.,report.md; root-causes.json; route-states.json,Nicht bestanden
V22.1-29-03,29,Nur Bestanden Nicht bestanden Blockiert Nicht anwendbar mit Begründung,Requirements- und Abnahmeunterlagen,338 IDs; keine ungeprüfte frühere Abnahme übernommen; ausschliesslich zulässige Status; Gesamtauftrag ausdrücklich nicht abgeschlossen.,docs/architecture/v22-1/requirements.json:1,Quellcode + fachlicher Integrationstest + gerenderte Geometrie/Interaktion soweit einschlägig,TC-V22.1-29-03,Nur Bestanden Nicht bestanden Blockiert Nicht anwendbar mit Begründung,338 IDs; keine ungeprüfte frühere Abnahme übernommen; ausschliesslich zulässige Status; Gesamtauftrag ausdrücklich nicht abgeschlossen.,requirements.json / report.md,Bestanden
V22.1-29-04,29,Keine alten Ergebnisse als bestanden,Requirements- und Abnahmeunterlagen,338 IDs; keine ungeprüfte frühere Abnahme übernommen; ausschliesslich zulässige Status; Gesamtauftrag ausdrücklich nicht abgeschlossen.,docs/architecture/v22-1/requirements.json:1,Quellcode + fachlicher Integrationstest + gerenderte Geometrie/Interaktion soweit einschlägig,TC-V22.1-29-04,Keine alten Ergebnisse als bestanden,338 IDs; keine ungeprüfte frühere Abnahme übernommen; ausschliesslich zulässige Status; Gesamtauftrag ausdrücklich nicht abgeschlossen.,requirements.json / report.md,Bestanden
V22.1-29-05,29,Abschluss Ausgangscommit Branch Routen Root Causes Komponenten Legacy,Requirements- und Abnahmeunterlagen,Offener Folgeschritt im verbindlichen Gesamtauftrag; siehe Root-Cause-/Phasenbericht.,source-inventory.json.gz: routes/renderCatalog/cssRules; data-/schema-inventory.json,Quellcode + fachlicher Integrationstest + gerenderte Geometrie/Interaktion soweit einschlägig,TC-V22.1-29-05,Abschluss Ausgangscommit Branch Routen Root Causes Komponenten Legacy,Keine vollständige Erfüllung/Abnahme für diese Gesamtanforderung nachgewiesen. Teilnachweise dürfen nicht als Vollabnahme gelten.,report.md; root-causes.json; route-states.json,Nicht bestanden
V22.1-29-06,29,Feldmatrix Charts Filter DB API Normen Tests Screenshots Regression,Requirements- und Abnahmeunterlagen,Offener Folgeschritt im verbindlichen Gesamtauftrag; siehe Root-Cause-/Phasenbericht.,source-inventory.json.gz: routes/renderCatalog/cssRules; data-/schema-inventory.json,Quellcode + fachlicher Integrationstest + gerenderte Geometrie/Interaktion soweit einschlägig,TC-V22.1-29-06,Feldmatrix Charts Filter DB API Normen Tests Screenshots Regression,Keine vollständige Erfüllung/Abnahme für diese Gesamtanforderung nachgewiesen. Teilnachweise dürfen nicht als Vollabnahme gelten.,report.md; root-causes.json; route-states.json,Nicht bestanden
V22.1-29-07,29,PR Merge Actions Azure Live offene Punkte,Requirements- und Abnahmeunterlagen,Offener Folgeschritt im verbindlichen Gesamtauftrag; siehe Root-Cause-/Phasenbericht.,source-inventory.json.gz: routes/renderCatalog/cssRules; data-/schema-inventory.json,Quellcode + fachlicher Integrationstest + gerenderte Geometrie/Interaktion soweit einschlägig,TC-V22.1-29-07,PR Merge Actions Azure Live offene Punkte,Keine vollständige Erfüllung/Abnahme für diese Gesamtanforderung nachgewiesen. Teilnachweise dürfen nicht als Vollabnahme gelten.,report.md; root-causes.json; route-states.json,Nicht bestanden
V22.1-30-01,30,Ursachen zentral beseitigen keine CSS Fixsammlung,Gesamtauftrag,Offener Folgeschritt im verbindlichen Gesamtauftrag; siehe Root-Cause-/Phasenbericht.,source-inventory.json.gz: routes/renderCatalog/cssRules; data-/schema-inventory.json,Quellcode + fachlicher Integrationstest + gerenderte Geometrie/Interaktion soweit einschlägig,TC-V22.1-30-01,Ursachen zentral beseitigen keine CSS Fixsammlung,Keine vollständige Erfüllung/Abnahme für diese Gesamtanforderung nachgewiesen. Teilnachweise dürfen nicht als Vollabnahme gelten.,report.md; root-causes.json; route-states.json,Nicht bestanden
V22.1-30-02,30,Ein dunkler Statistikstandard alle geeigneten Verbraucher,Gesamtauftrag,Offener Folgeschritt im verbindlichen Gesamtauftrag; siehe Root-Cause-/Phasenbericht.,source-inventory.json.gz: routes/renderCatalog/cssRules; data-/schema-inventory.json,Quellcode + fachlicher Integrationstest + gerenderte Geometrie/Interaktion soweit einschlägig,TC-V22.1-30-02,Ein dunkler Statistikstandard alle geeigneten Verbraucher,Keine vollständige Erfüllung/Abnahme für diese Gesamtanforderung nachgewiesen. Teilnachweise dürfen nicht als Vollabnahme gelten.,report.md; root-causes.json; route-states.json,Nicht bestanden
V22.1-30-03,30,Kundenhierarchie vier Tabs erhalten,Gesamtauftrag,Offener Folgeschritt im verbindlichen Gesamtauftrag; siehe Root-Cause-/Phasenbericht.,source-inventory.json.gz: routes/renderCatalog/cssRules; data-/schema-inventory.json,Quellcode + fachlicher Integrationstest + gerenderte Geometrie/Interaktion soweit einschlägig,TC-V22.1-30-03,Kundenhierarchie vier Tabs erhalten,Keine vollständige Erfüllung/Abnahme für diese Gesamtanforderung nachgewiesen. Teilnachweise dürfen nicht als Vollabnahme gelten.,report.md; root-causes.json; route-states.json,Nicht bestanden
V22.1-30-04,30,Zurück Ellipsis ausschliesslich Detailheader,Gesamtauftrag,Offener Folgeschritt im verbindlichen Gesamtauftrag; siehe Root-Cause-/Phasenbericht.,source-inventory.json.gz: routes/renderCatalog/cssRules; data-/schema-inventory.json,Quellcode + fachlicher Integrationstest + gerenderte Geometrie/Interaktion soweit einschlägig,TC-V22.1-30-04,Zurück Ellipsis ausschliesslich Detailheader,Keine vollständige Erfüllung/Abnahme für diese Gesamtanforderung nachgewiesen. Teilnachweise dürfen nicht als Vollabnahme gelten.,report.md; root-causes.json; route-states.json,Nicht bestanden
V22.1-30-05,30,Gemeinsame Ränder borderless keine Doppeldivider,Gesamtauftrag,Offener Folgeschritt im verbindlichen Gesamtauftrag; siehe Root-Cause-/Phasenbericht.,source-inventory.json.gz: routes/renderCatalog/cssRules; data-/schema-inventory.json,Quellcode + fachlicher Integrationstest + gerenderte Geometrie/Interaktion soweit einschlägig,TC-V22.1-30-05,Gemeinsame Ränder borderless keine Doppeldivider,Keine vollständige Erfüllung/Abnahme für diese Gesamtanforderung nachgewiesen. Teilnachweise dürfen nicht als Vollabnahme gelten.,report.md; root-causes.json; route-states.json,Nicht bestanden
V22.1-30-06,30,Keine konkurrierenden Filter Sort Formimplementierungen,Gesamtauftrag,Offener Folgeschritt im verbindlichen Gesamtauftrag; siehe Root-Cause-/Phasenbericht.,source-inventory.json.gz: routes/renderCatalog/cssRules; data-/schema-inventory.json,Quellcode + fachlicher Integrationstest + gerenderte Geometrie/Interaktion soweit einschlägig,TC-V22.1-30-06,Keine konkurrierenden Filter Sort Formimplementierungen,Keine vollständige Erfüllung/Abnahme für diese Gesamtanforderung nachgewiesen. Teilnachweise dürfen nicht als Vollabnahme gelten.,report.md; root-causes.json; route-states.json,Nicht bestanden
V22.1-30-07,30,Sheets fachlich korrekte Pflichtfelder,Gesamtauftrag,Offener Folgeschritt im verbindlichen Gesamtauftrag; siehe Root-Cause-/Phasenbericht.,source-inventory.json.gz: routes/renderCatalog/cssRules; data-/schema-inventory.json,Quellcode + fachlicher Integrationstest + gerenderte Geometrie/Interaktion soweit einschlägig,TC-V22.1-30-07,Sheets fachlich korrekte Pflichtfelder,Keine vollständige Erfüllung/Abnahme für diese Gesamtanforderung nachgewiesen. Teilnachweise dürfen nicht als Vollabnahme gelten.,report.md; root-causes.json; route-states.json,Nicht bestanden
V22.1-30-08,30,Keine automatischen Nummern beim Erfassen,Gesamtauftrag,Offener Folgeschritt im verbindlichen Gesamtauftrag; siehe Root-Cause-/Phasenbericht.,source-inventory.json.gz: routes/renderCatalog/cssRules; data-/schema-inventory.json,Quellcode + fachlicher Integrationstest + gerenderte Geometrie/Interaktion soweit einschlägig,TC-V22.1-30-08,Keine automatischen Nummern beim Erfassen,Keine vollständige Erfüllung/Abnahme für diese Gesamtanforderung nachgewiesen. Teilnachweise dürfen nicht als Vollabnahme gelten.,report.md; root-causes.json; route-states.json,Nicht bestanden
V22.1-30-09,30,Schweizer Zahlungs Adress Firmendaten korrekt,Gesamtauftrag,Offener Folgeschritt im verbindlichen Gesamtauftrag; siehe Root-Cause-/Phasenbericht.,source-inventory.json.gz: routes/renderCatalog/cssRules; data-/schema-inventory.json,Quellcode + fachlicher Integrationstest + gerenderte Geometrie/Interaktion soweit einschlägig,TC-V22.1-30-09,Schweizer Zahlungs Adress Firmendaten korrekt,Keine vollständige Erfüllung/Abnahme für diese Gesamtanforderung nachgewiesen. Teilnachweise dürfen nicht als Vollabnahme gelten.,report.md; root-causes.json; route-states.json,Nicht bestanden
V22.1-30-10,30,Kunden Landing Admin keine gegenseitige Beschädigung,Gesamtauftrag,Offener Folgeschritt im verbindlichen Gesamtauftrag; siehe Root-Cause-/Phasenbericht.,source-inventory.json.gz: routes/renderCatalog/cssRules; data-/schema-inventory.json,Quellcode + fachlicher Integrationstest + gerenderte Geometrie/Interaktion soweit einschlägig,TC-V22.1-30-10,Kunden Landing Admin keine gegenseitige Beschädigung,Keine vollständige Erfüllung/Abnahme für diese Gesamtanforderung nachgewiesen. Teilnachweise dürfen nicht als Vollabnahme gelten.,report.md; root-causes.json; route-states.json,Nicht bestanden
V22.1-30-11,30,Bottom Navigation unverändert,Gesamtauftrag,Navigation bleibt byte-/vertragsgleich inklusive transitiver Tokens.,components/app-shell.tsx:414; app/styles/responsive.css:1,Quellcode + fachlicher Integrationstest + gerenderte Geometrie/Interaktion soweit einschlägig,TC-V22.1-30-11,Bottom Navigation unverändert,Navigation bleibt byte-/vertragsgleich inklusive transitiver Tokens.,"navigation-contract-test.mjs + navigation-foundation-test.mjs, frisch ausgeführt",Bestanden
V22.1-30-12,30,Erst nach technischer visueller Abnahme vollständig melden,Gesamtauftrag,338 IDs; keine ungeprüfte frühere Abnahme übernommen; ausschliesslich zulässige Status; Gesamtauftrag ausdrücklich nicht abgeschlossen.,docs/architecture/v22-1/requirements.json:1,Quellcode + fachlicher Integrationstest + gerenderte Geometrie/Interaktion soweit einschlägig,TC-V22.1-30-12,Erst nach technischer visueller Abnahme vollständig melden,338 IDs; keine ungeprüfte frühere Abnahme übernommen; ausschliesslich zulässige Status; Gesamtauftrag ausdrücklich nicht abgeschlossen.,requirements.json / report.md,Bestanden
