Route,Datei,Seitentyp,Layouts,Komponenten,CSS-Zuordnung,Abnahmestatus
/agb,app/agb/page.tsx,LegalPage,app/layout.tsx,components/legal-page.tsx#LegalPage; components/marketing.tsx#MarketingHeader; components/ui.tsx#Logo; components/ui.tsx#Button; components/ui.tsx#Icon; components/marketing.tsx#MarketingFooter; components/privacy-consent.tsx#PrivacySettingsButton,ux-inventory.json: renderGraph/cssRules; CSSOM-Nachweis separat,Statisch inventarisiert; keine pauschale Abnahme
/angebote/[id],app/angebote/[id]/page.tsx,DetailPage,app/layout.tsx → app/angebote/layout.tsx,components/documents.tsx#OfferEditor; components/documents.tsx#DocumentPage; components/documents.tsx#DocumentKind; components/documents.tsx#useDocumentDraft; components/documents.tsx#DocumentDraft; components/documents.tsx#LineItem; components/documents.tsx#createInitialDraft; components/documents.tsx#useCustomerDirectory; components/documents.tsx#useDocumentCompany; components/documents.tsx#useExistingDocument; components/documents.tsx#remoteDraftFromItem; components/documents.tsx#dateOnly; components/use-process-draft.ts#useProcessDraft; components/documents.tsx#editableDocumentSnapshot; components/documents.tsx#documentPayload; components/documents.tsx#invoiceDueIso; components/documents.tsx#numberValue; components/documents.tsx#documentPresentation; components/documents.tsx#invoiceDueDate; components/documents.tsx#useDocumentTotals; components/ui.tsx#IconButton; components/ui.tsx#Icon; components/app-shell.tsx#AppShell; components/app-shell.tsx#ShellProps; components/app-shell.tsx#AppShellFrame; components/app-shell.tsx#accessFromSession; components/use-browser-back-guard.ts#useBrowserBackGuard; components/use-browser-back-guard.ts#DraftGuard; components/use-browser-back-guard.ts#guards; components/use-browser-back-guard.ts#boundary; components/use-browser-back-guard.ts#armBoundary; components/use-dialog-focus.ts#useDialogFocus; components/use-dialog-focus.ts#modalStack; components/use-dialog-focus.ts#savedOverflow; components/use-dialog-focus.ts#savedRootOverflow; components/use-dialog-focus.ts#savedScrollX; components/use-dialog-focus.ts#savedScrollY; components/app-shell.tsx#NotificationItem; components/header-panel-content.tsx#PanelNotification; components/use-dialog-focus.ts#hasBlockingModal; components/use-browser-back-guard.ts#allowDraftNavigation; components/app-start.tsx#AppStart; components/confirm-dialog.tsx#ConfirmDialog; components/ui.tsx#Button; components/ui.tsx#Logo; components/app-shell.tsx#desktopNavGroups; components/app-shell.tsx#desktopNav; components/avatar.tsx#Avatar; components/avatar.tsx#avatarIdentity; components/ui.tsx#Status; components/binso-ux.tsx#DetailHeading; components/binso-ux.tsx#PageHeading; components/ui.tsx#EmptyState; components/header-panel.tsx#HeaderPanel; components/header-panel.tsx#HeaderPanelKind; components/header-panel-content.tsx#SearchPanel; components/header-panel-content.tsx#PanelLink; components/ui.tsx#LoadingState; components/ui.tsx#ErrorState; components/header-panel-content.tsx#NotificationPanel; components/header-panel-content.tsx#AccountPanel; components/app-shell.tsx#SheetLink; components/app-shell.tsx#ShellRegistration; components/app-shell.tsx#ShellConfiguration; components/documents.tsx#DocumentReadView; components/documents.tsx#isoToSwiss; components/documents.tsx#money; components/entity-files.tsx#EntityFiles; components/ui.tsx#SectionTitle; components/ui.tsx#Input; components/records.tsx#RecordRow; components/binso-ux.tsx#ListRow; components/records.tsx#tone; components/form-wizard.tsx#FormWizard; components/ui.tsx#FormActions; components/documents.tsx#DocumentEditor; components/ui.tsx#Field; components/ui.tsx#Select; components/ui.tsx#Textarea; components/ui.tsx#Checkbox; components/ui.tsx#DateInput; components/ui.tsx#TimeInput; components/ui.tsx#CurrencyInput; components/ui.tsx#FormLabel; components/ui.tsx#FormError; components/binso-ux.tsx#FormSheet; components/binso-ux.tsx#SheetProps; components/binso-ux.tsx#Sheet; components/binso-ux.tsx#sheetValues; components/documents.tsx#DocumentModal; components/pdf-preview.tsx#DocumentPageViewer; components/pdf-preview.tsx#DocumentPages; components/pdf-preview.tsx#PdfPage; components/binso-ux.tsx#ActionSheet; components/binso-ux.tsx#ActionRow; components/ui.tsx#Toast,ux-inventory.json: renderGraph/cssRules; CSSOM-Nachweis separat,Statisch inventarisiert; keine pauschale Abnahme
/angebote/neu,app/angebote/neu/page.tsx,CreatePage,app/layout.tsx → app/angebote/layout.tsx,components/documents.tsx#OfferEditor; components/documents.tsx#DocumentPage; components/documents.tsx#DocumentKind; components/documents.tsx#useDocumentDraft; components/documents.tsx#DocumentDraft; components/documents.tsx#LineItem; components/documents.tsx#createInitialDraft; components/documents.tsx#useCustomerDirectory; components/documents.tsx#useDocumentCompany; components/documents.tsx#useExistingDocument; components/documents.tsx#remoteDraftFromItem; components/documents.tsx#dateOnly; components/use-process-draft.ts#useProcessDraft; components/documents.tsx#editableDocumentSnapshot; components/documents.tsx#documentPayload; components/documents.tsx#invoiceDueIso; components/documents.tsx#numberValue; components/documents.tsx#documentPresentation; components/documents.tsx#invoiceDueDate; components/documents.tsx#useDocumentTotals; components/ui.tsx#IconButton; components/ui.tsx#Icon; components/app-shell.tsx#AppShell; components/app-shell.tsx#ShellProps; components/app-shell.tsx#AppShellFrame; components/app-shell.tsx#accessFromSession; components/use-browser-back-guard.ts#useBrowserBackGuard; components/use-browser-back-guard.ts#DraftGuard; components/use-browser-back-guard.ts#guards; components/use-browser-back-guard.ts#boundary; components/use-browser-back-guard.ts#armBoundary; components/use-dialog-focus.ts#useDialogFocus; components/use-dialog-focus.ts#modalStack; components/use-dialog-focus.ts#savedOverflow; components/use-dialog-focus.ts#savedRootOverflow; components/use-dialog-focus.ts#savedScrollX; components/use-dialog-focus.ts#savedScrollY; components/app-shell.tsx#NotificationItem; components/header-panel-content.tsx#PanelNotification; components/use-dialog-focus.ts#hasBlockingModal; components/use-browser-back-guard.ts#allowDraftNavigation; components/app-start.tsx#AppStart; components/confirm-dialog.tsx#ConfirmDialog; components/ui.tsx#Button; components/ui.tsx#Logo; components/app-shell.tsx#desktopNavGroups; components/app-shell.tsx#desktopNav; components/avatar.tsx#Avatar; components/avatar.tsx#avatarIdentity; components/ui.tsx#Status; components/binso-ux.tsx#DetailHeading; components/binso-ux.tsx#PageHeading; components/ui.tsx#EmptyState; components/header-panel.tsx#HeaderPanel; components/header-panel.tsx#HeaderPanelKind; components/header-panel-content.tsx#SearchPanel; components/header-panel-content.tsx#PanelLink; components/ui.tsx#LoadingState; components/ui.tsx#ErrorState; components/header-panel-content.tsx#NotificationPanel; components/header-panel-content.tsx#AccountPanel; components/app-shell.tsx#SheetLink; components/app-shell.tsx#ShellRegistration; components/app-shell.tsx#ShellConfiguration; components/documents.tsx#DocumentReadView; components/documents.tsx#isoToSwiss; components/documents.tsx#money; components/entity-files.tsx#EntityFiles; components/ui.tsx#SectionTitle; components/ui.tsx#Input; components/records.tsx#RecordRow; components/binso-ux.tsx#ListRow; components/records.tsx#tone; components/form-wizard.tsx#FormWizard; components/ui.tsx#FormActions; components/documents.tsx#DocumentEditor; components/ui.tsx#Field; components/ui.tsx#Select; components/ui.tsx#Textarea; components/ui.tsx#Checkbox; components/ui.tsx#DateInput; components/ui.tsx#TimeInput; components/ui.tsx#CurrencyInput; components/ui.tsx#FormLabel; components/ui.tsx#FormError; components/binso-ux.tsx#FormSheet; components/binso-ux.tsx#SheetProps; components/binso-ux.tsx#Sheet; components/binso-ux.tsx#sheetValues; components/documents.tsx#DocumentModal; components/pdf-preview.tsx#DocumentPageViewer; components/pdf-preview.tsx#DocumentPages; components/pdf-preview.tsx#PdfPage; components/binso-ux.tsx#ActionSheet; components/binso-ux.tsx#ActionRow; components/ui.tsx#Toast,ux-inventory.json: renderGraph/cssRules; CSSOM-Nachweis separat,Statisch inventarisiert; keine pauschale Abnahme
/angebote,app/angebote/page.tsx,ListPage,app/layout.tsx → app/angebote/layout.tsx,components/pages/finance.tsx#OffersPage; components/pages/finance.tsx#FinancialDocumentsPage; components/document-list.tsx#DocumentListItem; components/app-shell.tsx#AppShell; components/app-shell.tsx#ShellProps; components/app-shell.tsx#AppShellFrame; components/app-shell.tsx#accessFromSession; components/use-browser-back-guard.ts#useBrowserBackGuard; components/use-browser-back-guard.ts#DraftGuard; components/use-browser-back-guard.ts#guards; components/use-browser-back-guard.ts#boundary; components/use-browser-back-guard.ts#armBoundary; components/use-dialog-focus.ts#useDialogFocus; components/use-dialog-focus.ts#modalStack; components/use-dialog-focus.ts#savedOverflow; components/use-dialog-focus.ts#savedRootOverflow; components/use-dialog-focus.ts#savedScrollX; components/use-dialog-focus.ts#savedScrollY; components/app-shell.tsx#NotificationItem; components/header-panel-content.tsx#PanelNotification; components/use-dialog-focus.ts#hasBlockingModal; components/use-browser-back-guard.ts#allowDraftNavigation; components/app-start.tsx#AppStart; components/confirm-dialog.tsx#ConfirmDialog; components/ui.tsx#Icon; components/ui.tsx#Button; components/ui.tsx#Logo; components/app-shell.tsx#desktopNavGroups; components/app-shell.tsx#desktopNav; components/ui.tsx#IconButton; components/avatar.tsx#Avatar; components/avatar.tsx#avatarIdentity; components/ui.tsx#Status; components/binso-ux.tsx#DetailHeading; components/binso-ux.tsx#PageHeading; components/ui.tsx#EmptyState; components/header-panel.tsx#HeaderPanel; components/header-panel.tsx#HeaderPanelKind; components/header-panel-content.tsx#SearchPanel; components/header-panel-content.tsx#PanelLink; components/ui.tsx#LoadingState; components/ui.tsx#ErrorState; components/header-panel-content.tsx#NotificationPanel; components/header-panel-content.tsx#AccountPanel; components/app-shell.tsx#SheetLink; components/app-shell.tsx#ShellRegistration; components/app-shell.tsx#ShellConfiguration; components/binso-ux.tsx#CreateAction; components/document-list.tsx#FinanceTabs; components/binso-ux.tsx#DetailTabs; components/document-list.tsx#DocumentList; components/records.tsx#RecordsView; components/binso-ux.tsx#ListSearch; components/records.tsx#DataTable; components/records.tsx#DataTableHead; components/records.tsx#tableCells; components/records.tsx#tone; components/records.tsx#DataTableRow; components/document-list.tsx#DocumentSummaryRow; components/document-list.tsx#FinancialSummaryRow; components/binso-ux.tsx#ListRow,ux-inventory.json: renderGraph/cssRules; CSSOM-Nachweis separat,Statisch inventarisiert; keine pauschale Abnahme
/auftragsbearbeitung,app/auftragsbearbeitung/page.tsx,LegalPage,app/layout.tsx,components/legal-page.tsx#LegalPage; components/marketing.tsx#MarketingHeader; components/ui.tsx#Logo; components/ui.tsx#Button; components/ui.tsx#Icon; components/marketing.tsx#MarketingFooter; components/privacy-consent.tsx#PrivacySettingsButton,ux-inventory.json: renderGraph/cssRules; CSSOM-Nachweis separat,Statisch inventarisiert; keine pauschale Abnahme
/belege,app/belege/page.tsx,DashboardPage,app/layout.tsx → app/belege/layout.tsx,components/pages/finance.tsx#DocumentsHubPage; components/pages/finance.tsx#FinancePage; components/pages/finance.tsx#FinancialSummary; components/document-list.tsx#DocumentListItem; components/app-shell.tsx#AppShell; components/app-shell.tsx#ShellProps; components/app-shell.tsx#AppShellFrame; components/app-shell.tsx#accessFromSession; components/use-browser-back-guard.ts#useBrowserBackGuard; components/use-browser-back-guard.ts#DraftGuard; components/use-browser-back-guard.ts#guards; components/use-browser-back-guard.ts#boundary; components/use-browser-back-guard.ts#armBoundary; components/use-dialog-focus.ts#useDialogFocus; components/use-dialog-focus.ts#modalStack; components/use-dialog-focus.ts#savedOverflow; components/use-dialog-focus.ts#savedRootOverflow; components/use-dialog-focus.ts#savedScrollX; components/use-dialog-focus.ts#savedScrollY; components/app-shell.tsx#NotificationItem; components/header-panel-content.tsx#PanelNotification; components/use-dialog-focus.ts#hasBlockingModal; components/use-browser-back-guard.ts#allowDraftNavigation; components/app-start.tsx#AppStart; components/confirm-dialog.tsx#ConfirmDialog; components/ui.tsx#Icon; components/ui.tsx#Button; components/ui.tsx#Logo; components/app-shell.tsx#desktopNavGroups; components/app-shell.tsx#desktopNav; components/ui.tsx#IconButton; components/avatar.tsx#Avatar; components/avatar.tsx#avatarIdentity; components/ui.tsx#Status; components/binso-ux.tsx#DetailHeading; components/binso-ux.tsx#PageHeading; components/ui.tsx#EmptyState; components/header-panel.tsx#HeaderPanel; components/header-panel.tsx#HeaderPanelKind; components/header-panel-content.tsx#SearchPanel; components/header-panel-content.tsx#PanelLink; components/ui.tsx#LoadingState; components/ui.tsx#ErrorState; components/header-panel-content.tsx#NotificationPanel; components/header-panel-content.tsx#AccountPanel; components/app-shell.tsx#SheetLink; components/app-shell.tsx#ShellRegistration; components/app-shell.tsx#ShellConfiguration; components/document-list.tsx#FinanceTabs; components/binso-ux.tsx#DetailTabs; components/binso-ux.tsx#MetricTiles; components/binso-ux.tsx#MetricTile; components/ui.tsx#Metric; components/ui.tsx#FormLabel; components/pages/shared.tsx#moneyChf; components/ui.tsx#SectionTitle; components/pages/finance.tsx#businessMonthEnd; components/document-list.tsx#DocumentSummaryRow; components/document-list.tsx#FinancialSummaryRow; components/binso-ux.tsx#ListRow; components/pages/shared.tsx#formatMinutes; components/binso-ux.tsx#FilterSheet; components/binso-ux.tsx#SheetProps; components/binso-ux.tsx#Sheet; components/binso-ux.tsx#sheetValues; components/ui.tsx#Input; components/ui.tsx#Field; components/ui.tsx#Select; components/ui.tsx#Textarea; components/ui.tsx#Checkbox; components/ui.tsx#DateInput; components/ui.tsx#TimeInput; components/ui.tsx#CurrencyInput; components/ui.tsx#FormError,ux-inventory.json: renderGraph/cssRules; CSSOM-Nachweis separat,Statisch inventarisiert; keine pauschale Abnahme
/benachrichtigungen,app/benachrichtigungen/page.tsx,AppPage,app/layout.tsx → app/benachrichtigungen/layout.tsx,components/pages/notifications.tsx#NotificationsPage; components/pages/notifications.tsx#NotificationRecord; components/app-shell.tsx#AppShell; components/app-shell.tsx#ShellProps; components/app-shell.tsx#AppShellFrame; components/app-shell.tsx#accessFromSession; components/use-browser-back-guard.ts#useBrowserBackGuard; components/use-browser-back-guard.ts#DraftGuard; components/use-browser-back-guard.ts#guards; components/use-browser-back-guard.ts#boundary; components/use-browser-back-guard.ts#armBoundary; components/use-dialog-focus.ts#useDialogFocus; components/use-dialog-focus.ts#modalStack; components/use-dialog-focus.ts#savedOverflow; components/use-dialog-focus.ts#savedRootOverflow; components/use-dialog-focus.ts#savedScrollX; components/use-dialog-focus.ts#savedScrollY; components/app-shell.tsx#NotificationItem; components/header-panel-content.tsx#PanelNotification; components/use-dialog-focus.ts#hasBlockingModal; components/use-browser-back-guard.ts#allowDraftNavigation; components/app-start.tsx#AppStart; components/confirm-dialog.tsx#ConfirmDialog; components/ui.tsx#Icon; components/ui.tsx#Button; components/ui.tsx#Logo; components/app-shell.tsx#desktopNavGroups; components/app-shell.tsx#desktopNav; components/ui.tsx#IconButton; components/avatar.tsx#Avatar; components/avatar.tsx#avatarIdentity; components/ui.tsx#Status; components/binso-ux.tsx#DetailHeading; components/binso-ux.tsx#PageHeading; components/ui.tsx#EmptyState; components/header-panel.tsx#HeaderPanel; components/header-panel.tsx#HeaderPanelKind; components/header-panel-content.tsx#SearchPanel; components/header-panel-content.tsx#PanelLink; components/ui.tsx#LoadingState; components/ui.tsx#ErrorState; components/header-panel-content.tsx#NotificationPanel; components/header-panel-content.tsx#AccountPanel; components/app-shell.tsx#SheetLink; components/app-shell.tsx#ShellRegistration; components/app-shell.tsx#ShellConfiguration; components/pages/notifications.tsx#notificationIcon; components/pages/notifications.tsx#notificationDate,ux-inventory.json: renderGraph/cssRules; CSSOM-Nachweis separat,Statisch inventarisiert; keine pauschale Abnahme
/dashboard,app/dashboard/page.tsx,DashboardPage,app/layout.tsx → app/dashboard/layout.tsx,components/pages/dashboard.tsx#DashboardPage; components/app-shell.tsx#AppShell; components/app-shell.tsx#ShellProps; components/app-shell.tsx#AppShellFrame; components/app-shell.tsx#accessFromSession; components/use-browser-back-guard.ts#useBrowserBackGuard; components/use-browser-back-guard.ts#DraftGuard; components/use-browser-back-guard.ts#guards; components/use-browser-back-guard.ts#boundary; components/use-browser-back-guard.ts#armBoundary; components/use-dialog-focus.ts#useDialogFocus; components/use-dialog-focus.ts#modalStack; components/use-dialog-focus.ts#savedOverflow; components/use-dialog-focus.ts#savedRootOverflow; components/use-dialog-focus.ts#savedScrollX; components/use-dialog-focus.ts#savedScrollY; components/app-shell.tsx#NotificationItem; components/header-panel-content.tsx#PanelNotification; components/use-dialog-focus.ts#hasBlockingModal; components/use-browser-back-guard.ts#allowDraftNavigation; components/app-start.tsx#AppStart; components/confirm-dialog.tsx#ConfirmDialog; components/ui.tsx#Icon; components/ui.tsx#Button; components/ui.tsx#Logo; components/app-shell.tsx#desktopNavGroups; components/app-shell.tsx#desktopNav; components/ui.tsx#IconButton; components/avatar.tsx#Avatar; components/avatar.tsx#avatarIdentity; components/ui.tsx#Status; components/binso-ux.tsx#DetailHeading; components/binso-ux.tsx#PageHeading; components/ui.tsx#EmptyState; components/header-panel.tsx#HeaderPanel; components/header-panel.tsx#HeaderPanelKind; components/header-panel-content.tsx#SearchPanel; components/header-panel-content.tsx#PanelLink; components/ui.tsx#LoadingState; components/ui.tsx#ErrorState; components/header-panel-content.tsx#NotificationPanel; components/header-panel-content.tsx#AccountPanel; components/app-shell.tsx#SheetLink; components/app-shell.tsx#ShellRegistration; components/app-shell.tsx#ShellConfiguration; components/ui.tsx#SectionTitle; components/binso-ux.tsx#MetricTiles; components/binso-ux.tsx#MetricTile; components/ui.tsx#Metric; components/ui.tsx#FormLabel; components/pages/shared.tsx#moneyChf; components/pages/dashboard.tsx#RevenueInsight; components/document-list.tsx#DocumentSummaryRow; components/document-list.tsx#DocumentListItem; components/document-list.tsx#FinancialSummaryRow; components/binso-ux.tsx#ListRow; components/pages/shared.tsx#swissDate; components/pages/shared.tsx#paymentMethodLabel,ux-inventory.json: renderGraph/cssRules; CSSOM-Nachweis separat,Statisch inventarisiert; keine pauschale Abnahme
/datenschutz,app/datenschutz/page.tsx,LegalPage,app/layout.tsx,components/legal-page.tsx#LegalPage; components/marketing.tsx#MarketingHeader; components/ui.tsx#Logo; components/ui.tsx#Button; components/ui.tsx#Icon; components/marketing.tsx#MarketingFooter; components/privacy-consent.tsx#PrivacySettingsButton,ux-inventory.json: renderGraph/cssRules; CSSOM-Nachweis separat,Statisch inventarisiert; keine pauschale Abnahme
/demo,app/demo/page.tsx,PublicPage,app/layout.tsx,components/ui.tsx#Logo; components/ui.tsx#ErrorState; components/ui.tsx#Button; components/ui.tsx#Icon,ux-inventory.json: renderGraph/cssRules; CSSOM-Nachweis separat,Statisch inventarisiert; keine pauschale Abnahme
/dev/ux-lab,app/dev/ux-lab/page.tsx,UxLabPage,app/layout.tsx,components/ux-lab.tsx#UxLab; components/header-panel.tsx#HeaderPanelKind; components/ui.tsx#Field; components/ui.tsx#Input; components/ui.tsx#Select; components/ui.tsx#Textarea; components/ui.tsx#Checkbox; components/ui.tsx#DateInput; components/ui.tsx#TimeInput; components/ui.tsx#CurrencyInput; components/ui.tsx#FormLabel; components/ui.tsx#FormError; components/binso-ux.tsx#PageHeading; components/ui.tsx#IconButton; components/ui.tsx#Icon; components/binso-ux.tsx#DetailHeading; components/ui.tsx#Status; components/avatar.tsx#Avatar; components/avatar.tsx#avatarIdentity; components/ui.tsx#Toggle; components/ui.tsx#Button; components/ui.tsx#LoadingState; components/ui.tsx#ErrorState; components/ui.tsx#Toast; components/binso-ux.tsx#ListRow; components/ui.tsx#EmptyState; components/ui.tsx#MessageBubble; components/records.tsx#RecordsView; components/binso-ux.tsx#ListSearch; components/records.tsx#DataTable; components/records.tsx#DataTableHead; components/records.tsx#tableCells; components/records.tsx#tone; components/records.tsx#DataTableRow; components/records.tsx#RecordRow; components/pdf-preview.tsx#DocumentPageViewer; components/pdf-preview.tsx#DocumentPages; components/pdf-preview.tsx#PdfPage; components/header-panel.tsx#HeaderPanel; components/use-dialog-focus.ts#useDialogFocus; components/use-dialog-focus.ts#modalStack; components/use-dialog-focus.ts#savedOverflow; components/use-dialog-focus.ts#savedRootOverflow; components/use-dialog-focus.ts#savedScrollX; components/use-dialog-focus.ts#savedScrollY; components/header-panel-content.tsx#SearchPanel; components/header-panel-content.tsx#PanelLink; components/header-panel-content.tsx#AccountPanel; components/header-panel-content.tsx#NotificationPanel; components/header-panel-content.tsx#PanelNotification; components/binso-ux.tsx#ActionSheet; components/binso-ux.tsx#SheetProps; components/binso-ux.tsx#Sheet; components/use-browser-back-guard.ts#useBrowserBackGuard; components/use-browser-back-guard.ts#DraftGuard; components/use-browser-back-guard.ts#guards; components/use-browser-back-guard.ts#boundary; components/use-browser-back-guard.ts#armBoundary; components/binso-ux.tsx#sheetValues; components/confirm-dialog.tsx#ConfirmDialog; components/binso-ux.tsx#ActionRow; components/binso-ux.tsx#FormSheet; components/binso-ux.tsx#FilterSheet; components/form-wizard.tsx#FormWizard; components/ui.tsx#FormActions,ux-inventory.json: renderGraph/cssRules; CSSOM-Nachweis separat,Statisch inventarisiert; keine pauschale Abnahme
/einladung,app/einladung/page.tsx,AuthenticationPage,app/layout.tsx,components/use-browser-back-guard.ts#useBrowserBackGuard; components/use-browser-back-guard.ts#DraftGuard; components/use-browser-back-guard.ts#guards; components/use-browser-back-guard.ts#boundary; components/use-browser-back-guard.ts#armBoundary; components/ui.tsx#Logo; components/ui.tsx#Button; components/ui.tsx#Icon; components/ui.tsx#Field; components/ui.tsx#Input; components/ui.tsx#Select; components/ui.tsx#Textarea; components/ui.tsx#Checkbox; components/ui.tsx#DateInput; components/ui.tsx#TimeInput; components/ui.tsx#CurrencyInput; components/ui.tsx#FormLabel; components/ui.tsx#FormError; components/ui.tsx#ErrorState; components/confirm-dialog.tsx#ConfirmDialog; components/use-dialog-focus.ts#useDialogFocus; components/use-dialog-focus.ts#modalStack; components/use-dialog-focus.ts#savedOverflow; components/use-dialog-focus.ts#savedRootOverflow; components/use-dialog-focus.ts#savedScrollX; components/use-dialog-focus.ts#savedScrollY,ux-inventory.json: renderGraph/cssRules; CSSOM-Nachweis separat,Statisch inventarisiert; keine pauschale Abnahme
/einstellungen/abonnement,app/einstellungen/abonnement/page.tsx,SettingsPage,app/layout.tsx → app/einstellungen/layout.tsx,components/pages/settings.tsx#SubscriptionSettingsPage; components/app-shell.tsx#AppShell; components/app-shell.tsx#ShellProps; components/app-shell.tsx#AppShellFrame; components/app-shell.tsx#accessFromSession; components/use-browser-back-guard.ts#useBrowserBackGuard; components/use-browser-back-guard.ts#DraftGuard; components/use-browser-back-guard.ts#guards; components/use-browser-back-guard.ts#boundary; components/use-browser-back-guard.ts#armBoundary; components/use-dialog-focus.ts#useDialogFocus; components/use-dialog-focus.ts#modalStack; components/use-dialog-focus.ts#savedOverflow; components/use-dialog-focus.ts#savedRootOverflow; components/use-dialog-focus.ts#savedScrollX; components/use-dialog-focus.ts#savedScrollY; components/app-shell.tsx#NotificationItem; components/header-panel-content.tsx#PanelNotification; components/use-dialog-focus.ts#hasBlockingModal; components/use-browser-back-guard.ts#allowDraftNavigation; components/app-start.tsx#AppStart; components/confirm-dialog.tsx#ConfirmDialog; components/ui.tsx#Icon; components/ui.tsx#Button; components/ui.tsx#Logo; components/app-shell.tsx#desktopNavGroups; components/app-shell.tsx#desktopNav; components/ui.tsx#IconButton; components/avatar.tsx#Avatar; components/avatar.tsx#avatarIdentity; components/ui.tsx#Status; components/binso-ux.tsx#DetailHeading; components/binso-ux.tsx#PageHeading; components/ui.tsx#EmptyState; components/header-panel.tsx#HeaderPanel; components/header-panel.tsx#HeaderPanelKind; components/header-panel-content.tsx#SearchPanel; components/header-panel-content.tsx#PanelLink; components/ui.tsx#LoadingState; components/ui.tsx#ErrorState; components/header-panel-content.tsx#NotificationPanel; components/header-panel-content.tsx#AccountPanel; components/app-shell.tsx#SheetLink; components/app-shell.tsx#ShellRegistration; components/app-shell.tsx#ShellConfiguration; components/ui.tsx#SectionTitle; components/binso-ux.tsx#ListRow; components/binso-ux.tsx#FormSheet; components/binso-ux.tsx#SheetProps; components/binso-ux.tsx#Sheet; components/binso-ux.tsx#sheetValues; components/documents.tsx#DocumentModal; components/documents.tsx#DocumentDraft; components/documents.tsx#LineItem; components/documents.tsx#DocumentKind; components/pdf-preview.tsx#DocumentPageViewer; components/pdf-preview.tsx#DocumentPages; components/pdf-preview.tsx#PdfPage; components/ui.tsx#Toast; components/pages/shared.tsx#moneyChf; components/ui.tsx#Field; components/ui.tsx#Input; components/ui.tsx#Select; components/ui.tsx#Textarea; components/ui.tsx#Checkbox; components/ui.tsx#DateInput; components/ui.tsx#TimeInput; components/ui.tsx#CurrencyInput; components/ui.tsx#FormLabel; components/ui.tsx#FormError,ux-inventory.json: renderGraph/cssRules; CSSOM-Nachweis separat,Statisch inventarisiert; keine pauschale Abnahme
/einstellungen/benachrichtigungen,app/einstellungen/benachrichtigungen/page.tsx,SettingsPage,app/layout.tsx → app/einstellungen/layout.tsx,components/pages/settings.tsx#NotificationSettingsPage; components/app-shell.tsx#AppShell; components/app-shell.tsx#ShellProps; components/app-shell.tsx#AppShellFrame; components/app-shell.tsx#accessFromSession; components/use-browser-back-guard.ts#useBrowserBackGuard; components/use-browser-back-guard.ts#DraftGuard; components/use-browser-back-guard.ts#guards; components/use-browser-back-guard.ts#boundary; components/use-browser-back-guard.ts#armBoundary; components/use-dialog-focus.ts#useDialogFocus; components/use-dialog-focus.ts#modalStack; components/use-dialog-focus.ts#savedOverflow; components/use-dialog-focus.ts#savedRootOverflow; components/use-dialog-focus.ts#savedScrollX; components/use-dialog-focus.ts#savedScrollY; components/app-shell.tsx#NotificationItem; components/header-panel-content.tsx#PanelNotification; components/use-dialog-focus.ts#hasBlockingModal; components/use-browser-back-guard.ts#allowDraftNavigation; components/app-start.tsx#AppStart; components/confirm-dialog.tsx#ConfirmDialog; components/ui.tsx#Icon; components/ui.tsx#Button; components/ui.tsx#Logo; components/app-shell.tsx#desktopNavGroups; components/app-shell.tsx#desktopNav; components/ui.tsx#IconButton; components/avatar.tsx#Avatar; components/avatar.tsx#avatarIdentity; components/ui.tsx#Status; components/binso-ux.tsx#DetailHeading; components/binso-ux.tsx#PageHeading; components/ui.tsx#EmptyState; components/header-panel.tsx#HeaderPanel; components/header-panel.tsx#HeaderPanelKind; components/header-panel-content.tsx#SearchPanel; components/header-panel-content.tsx#PanelLink; components/ui.tsx#LoadingState; components/ui.tsx#ErrorState; components/header-panel-content.tsx#NotificationPanel; components/header-panel-content.tsx#AccountPanel; components/app-shell.tsx#SheetLink; components/app-shell.tsx#ShellRegistration; components/app-shell.tsx#ShellConfiguration; components/ui.tsx#Toggle,ux-inventory.json: renderGraph/cssRules; CSSOM-Nachweis separat,Statisch inventarisiert; keine pauschale Abnahme
/einstellungen/darstellung,app/einstellungen/darstellung/page.tsx,SettingsPage,app/layout.tsx → app/einstellungen/layout.tsx,components/pages/settings.tsx#AppearanceSettingsPage; components/app-shell.tsx#AppShell; components/app-shell.tsx#ShellProps; components/app-shell.tsx#AppShellFrame; components/app-shell.tsx#accessFromSession; components/use-browser-back-guard.ts#useBrowserBackGuard; components/use-browser-back-guard.ts#DraftGuard; components/use-browser-back-guard.ts#guards; components/use-browser-back-guard.ts#boundary; components/use-browser-back-guard.ts#armBoundary; components/use-dialog-focus.ts#useDialogFocus; components/use-dialog-focus.ts#modalStack; components/use-dialog-focus.ts#savedOverflow; components/use-dialog-focus.ts#savedRootOverflow; components/use-dialog-focus.ts#savedScrollX; components/use-dialog-focus.ts#savedScrollY; components/app-shell.tsx#NotificationItem; components/header-panel-content.tsx#PanelNotification; components/use-dialog-focus.ts#hasBlockingModal; components/use-browser-back-guard.ts#allowDraftNavigation; components/app-start.tsx#AppStart; components/confirm-dialog.tsx#ConfirmDialog; components/ui.tsx#Icon; components/ui.tsx#Button; components/ui.tsx#Logo; components/app-shell.tsx#desktopNavGroups; components/app-shell.tsx#desktopNav; components/ui.tsx#IconButton; components/avatar.tsx#Avatar; components/avatar.tsx#avatarIdentity; components/ui.tsx#Status; components/binso-ux.tsx#DetailHeading; components/binso-ux.tsx#PageHeading; components/ui.tsx#EmptyState; components/header-panel.tsx#HeaderPanel; components/header-panel.tsx#HeaderPanelKind; components/header-panel-content.tsx#SearchPanel; components/header-panel-content.tsx#PanelLink; components/ui.tsx#LoadingState; components/ui.tsx#ErrorState; components/header-panel-content.tsx#NotificationPanel; components/header-panel-content.tsx#AccountPanel; components/app-shell.tsx#SheetLink; components/app-shell.tsx#ShellRegistration; components/app-shell.tsx#ShellConfiguration,ux-inventory.json: renderGraph/cssRules; CSSOM-Nachweis separat,Statisch inventarisiert; keine pauschale Abnahme
/einstellungen/datenschutz,app/einstellungen/datenschutz/page.tsx,SettingsPage,app/layout.tsx → app/einstellungen/layout.tsx,components/privacy-consent.tsx#PrivacySettingsPage; components/privacy-consent.tsx#loadPreferences; components/privacy-consent.tsx#Preferences; components/privacy-consent.tsx#privacyPreferenceKey; components/privacy-consent.tsx#storePreferences; components/privacy-consent.tsx#privacyPreferenceEvent; components/app-shell.tsx#AppShell; components/app-shell.tsx#ShellProps; components/app-shell.tsx#AppShellFrame; components/app-shell.tsx#accessFromSession; components/use-browser-back-guard.ts#useBrowserBackGuard; components/use-browser-back-guard.ts#DraftGuard; components/use-browser-back-guard.ts#guards; components/use-browser-back-guard.ts#boundary; components/use-browser-back-guard.ts#armBoundary; components/use-dialog-focus.ts#useDialogFocus; components/use-dialog-focus.ts#modalStack; components/use-dialog-focus.ts#savedOverflow; components/use-dialog-focus.ts#savedRootOverflow; components/use-dialog-focus.ts#savedScrollX; components/use-dialog-focus.ts#savedScrollY; components/app-shell.tsx#NotificationItem; components/header-panel-content.tsx#PanelNotification; components/use-dialog-focus.ts#hasBlockingModal; components/use-browser-back-guard.ts#allowDraftNavigation; components/app-start.tsx#AppStart; components/confirm-dialog.tsx#ConfirmDialog; components/ui.tsx#Icon; components/ui.tsx#Button; components/ui.tsx#Logo; components/app-shell.tsx#desktopNavGroups; components/app-shell.tsx#desktopNav; components/ui.tsx#IconButton; components/avatar.tsx#Avatar; components/avatar.tsx#avatarIdentity; components/ui.tsx#Status; components/binso-ux.tsx#DetailHeading; components/binso-ux.tsx#PageHeading; components/ui.tsx#EmptyState; components/header-panel.tsx#HeaderPanel; components/header-panel.tsx#HeaderPanelKind; components/header-panel-content.tsx#SearchPanel; components/header-panel-content.tsx#PanelLink; components/ui.tsx#LoadingState; components/ui.tsx#ErrorState; components/header-panel-content.tsx#NotificationPanel; components/header-panel-content.tsx#AccountPanel; components/app-shell.tsx#SheetLink; components/app-shell.tsx#ShellRegistration; components/app-shell.tsx#ShellConfiguration; components/ui.tsx#SectionTitle,ux-inventory.json: renderGraph/cssRules; CSSOM-Nachweis separat,Statisch inventarisiert; keine pauschale Abnahme
/einstellungen/dokumente,app/einstellungen/dokumente/page.tsx,SettingsPage,app/layout.tsx → app/einstellungen/layout.tsx,components/document-settings.tsx#DocumentSettingsPage; components/app-shell.tsx#AppShell; components/app-shell.tsx#ShellProps; components/app-shell.tsx#AppShellFrame; components/app-shell.tsx#accessFromSession; components/use-browser-back-guard.ts#useBrowserBackGuard; components/use-browser-back-guard.ts#DraftGuard; components/use-browser-back-guard.ts#guards; components/use-browser-back-guard.ts#boundary; components/use-browser-back-guard.ts#armBoundary; components/use-dialog-focus.ts#useDialogFocus; components/use-dialog-focus.ts#modalStack; components/use-dialog-focus.ts#savedOverflow; components/use-dialog-focus.ts#savedRootOverflow; components/use-dialog-focus.ts#savedScrollX; components/use-dialog-focus.ts#savedScrollY; components/app-shell.tsx#NotificationItem; components/header-panel-content.tsx#PanelNotification; components/use-dialog-focus.ts#hasBlockingModal; components/use-browser-back-guard.ts#allowDraftNavigation; components/app-start.tsx#AppStart; components/confirm-dialog.tsx#ConfirmDialog; components/ui.tsx#Icon; components/ui.tsx#Button; components/ui.tsx#Logo; components/app-shell.tsx#desktopNavGroups; components/app-shell.tsx#desktopNav; components/ui.tsx#IconButton; components/avatar.tsx#Avatar; components/avatar.tsx#avatarIdentity; components/ui.tsx#Status; components/binso-ux.tsx#DetailHeading; components/binso-ux.tsx#PageHeading; components/ui.tsx#EmptyState; components/header-panel.tsx#HeaderPanel; components/header-panel.tsx#HeaderPanelKind; components/header-panel-content.tsx#SearchPanel; components/header-panel-content.tsx#PanelLink; components/ui.tsx#LoadingState; components/ui.tsx#ErrorState; components/header-panel-content.tsx#NotificationPanel; components/header-panel-content.tsx#AccountPanel; components/app-shell.tsx#SheetLink; components/app-shell.tsx#ShellRegistration; components/app-shell.tsx#ShellConfiguration; components/ui.tsx#Field; components/ui.tsx#Input; components/ui.tsx#Select; components/ui.tsx#Textarea; components/ui.tsx#Checkbox; components/ui.tsx#DateInput; components/ui.tsx#TimeInput; components/ui.tsx#CurrencyInput; components/ui.tsx#FormLabel; components/ui.tsx#FormError; components/ui.tsx#FormActions; components/ui.tsx#SectionTitle; components/ui.tsx#Toast,ux-inventory.json: renderGraph/cssRules; CSSOM-Nachweis separat,Statisch inventarisiert; keine pauschale Abnahme
/einstellungen/firma,app/einstellungen/firma/page.tsx,SettingsPage,app/layout.tsx → app/einstellungen/layout.tsx,components/pages/settings.tsx#CompanySettingsPage; components/app-shell.tsx#AppShell; components/app-shell.tsx#ShellProps; components/app-shell.tsx#AppShellFrame; components/app-shell.tsx#accessFromSession; components/use-browser-back-guard.ts#useBrowserBackGuard; components/use-browser-back-guard.ts#DraftGuard; components/use-browser-back-guard.ts#guards; components/use-browser-back-guard.ts#boundary; components/use-browser-back-guard.ts#armBoundary; components/use-dialog-focus.ts#useDialogFocus; components/use-dialog-focus.ts#modalStack; components/use-dialog-focus.ts#savedOverflow; components/use-dialog-focus.ts#savedRootOverflow; components/use-dialog-focus.ts#savedScrollX; components/use-dialog-focus.ts#savedScrollY; components/app-shell.tsx#NotificationItem; components/header-panel-content.tsx#PanelNotification; components/use-dialog-focus.ts#hasBlockingModal; components/use-browser-back-guard.ts#allowDraftNavigation; components/app-start.tsx#AppStart; components/confirm-dialog.tsx#ConfirmDialog; components/ui.tsx#Icon; components/ui.tsx#Button; components/ui.tsx#Logo; components/app-shell.tsx#desktopNavGroups; components/app-shell.tsx#desktopNav; components/ui.tsx#IconButton; components/avatar.tsx#Avatar; components/avatar.tsx#avatarIdentity; components/ui.tsx#Status; components/binso-ux.tsx#DetailHeading; components/binso-ux.tsx#PageHeading; components/ui.tsx#EmptyState; components/header-panel.tsx#HeaderPanel; components/header-panel.tsx#HeaderPanelKind; components/header-panel-content.tsx#SearchPanel; components/header-panel-content.tsx#PanelLink; components/ui.tsx#LoadingState; components/ui.tsx#ErrorState; components/header-panel-content.tsx#NotificationPanel; components/header-panel-content.tsx#AccountPanel; components/app-shell.tsx#SheetLink; components/app-shell.tsx#ShellRegistration; components/app-shell.tsx#ShellConfiguration; components/ui.tsx#Input; components/ui.tsx#Field; components/ui.tsx#Select; components/ui.tsx#Textarea; components/ui.tsx#Checkbox; components/ui.tsx#DateInput; components/ui.tsx#TimeInput; components/ui.tsx#CurrencyInput; components/ui.tsx#FormLabel; components/ui.tsx#FormError; components/ui.tsx#FormActions; components/ui.tsx#Toast,ux-inventory.json: renderGraph/cssRules; CSSOM-Nachweis separat,Statisch inventarisiert; keine pauschale Abnahme
/einstellungen/konto,app/einstellungen/konto/page.tsx,SettingsPage,app/layout.tsx → app/einstellungen/layout.tsx,components/pages/settings.tsx#AccountSettingsPage; components/app-shell.tsx#AppShell; components/app-shell.tsx#ShellProps; components/app-shell.tsx#AppShellFrame; components/app-shell.tsx#accessFromSession; components/use-browser-back-guard.ts#useBrowserBackGuard; components/use-browser-back-guard.ts#DraftGuard; components/use-browser-back-guard.ts#guards; components/use-browser-back-guard.ts#boundary; components/use-browser-back-guard.ts#armBoundary; components/use-dialog-focus.ts#useDialogFocus; components/use-dialog-focus.ts#modalStack; components/use-dialog-focus.ts#savedOverflow; components/use-dialog-focus.ts#savedRootOverflow; components/use-dialog-focus.ts#savedScrollX; components/use-dialog-focus.ts#savedScrollY; components/app-shell.tsx#NotificationItem; components/header-panel-content.tsx#PanelNotification; components/use-dialog-focus.ts#hasBlockingModal; components/use-browser-back-guard.ts#allowDraftNavigation; components/app-start.tsx#AppStart; components/confirm-dialog.tsx#ConfirmDialog; components/ui.tsx#Icon; components/ui.tsx#Button; components/ui.tsx#Logo; components/app-shell.tsx#desktopNavGroups; components/app-shell.tsx#desktopNav; components/ui.tsx#IconButton; components/avatar.tsx#Avatar; components/avatar.tsx#avatarIdentity; components/ui.tsx#Status; components/binso-ux.tsx#DetailHeading; components/binso-ux.tsx#PageHeading; components/ui.tsx#EmptyState; components/header-panel.tsx#HeaderPanel; components/header-panel.tsx#HeaderPanelKind; components/header-panel-content.tsx#SearchPanel; components/header-panel-content.tsx#PanelLink; components/ui.tsx#LoadingState; components/ui.tsx#ErrorState; components/header-panel-content.tsx#NotificationPanel; components/header-panel-content.tsx#AccountPanel; components/app-shell.tsx#SheetLink; components/app-shell.tsx#ShellRegistration; components/app-shell.tsx#ShellConfiguration; components/ui.tsx#Input; components/ui.tsx#Field; components/ui.tsx#Select; components/ui.tsx#Textarea; components/ui.tsx#Checkbox; components/ui.tsx#DateInput; components/ui.tsx#TimeInput; components/ui.tsx#CurrencyInput; components/ui.tsx#FormLabel; components/ui.tsx#FormError; components/ui.tsx#FormActions; components/ui.tsx#Toast,ux-inventory.json: renderGraph/cssRules; CSSOM-Nachweis separat,Statisch inventarisiert; keine pauschale Abnahme
/einstellungen,app/einstellungen/page.tsx,SettingsPage,app/layout.tsx → app/einstellungen/layout.tsx,components/pages/settings.tsx#SettingsPage; components/app-shell.tsx#AppShell; components/app-shell.tsx#ShellProps; components/app-shell.tsx#AppShellFrame; components/app-shell.tsx#accessFromSession; components/use-browser-back-guard.ts#useBrowserBackGuard; components/use-browser-back-guard.ts#DraftGuard; components/use-browser-back-guard.ts#guards; components/use-browser-back-guard.ts#boundary; components/use-browser-back-guard.ts#armBoundary; components/use-dialog-focus.ts#useDialogFocus; components/use-dialog-focus.ts#modalStack; components/use-dialog-focus.ts#savedOverflow; components/use-dialog-focus.ts#savedRootOverflow; components/use-dialog-focus.ts#savedScrollX; components/use-dialog-focus.ts#savedScrollY; components/app-shell.tsx#NotificationItem; components/header-panel-content.tsx#PanelNotification; components/use-dialog-focus.ts#hasBlockingModal; components/use-browser-back-guard.ts#allowDraftNavigation; components/app-start.tsx#AppStart; components/confirm-dialog.tsx#ConfirmDialog; components/ui.tsx#Icon; components/ui.tsx#Button; components/ui.tsx#Logo; components/app-shell.tsx#desktopNavGroups; components/app-shell.tsx#desktopNav; components/ui.tsx#IconButton; components/avatar.tsx#Avatar; components/avatar.tsx#avatarIdentity; components/ui.tsx#Status; components/binso-ux.tsx#DetailHeading; components/binso-ux.tsx#PageHeading; components/ui.tsx#EmptyState; components/header-panel.tsx#HeaderPanel; components/header-panel.tsx#HeaderPanelKind; components/header-panel-content.tsx#SearchPanel; components/header-panel-content.tsx#PanelLink; components/ui.tsx#LoadingState; components/ui.tsx#ErrorState; components/header-panel-content.tsx#NotificationPanel; components/header-panel-content.tsx#AccountPanel; components/app-shell.tsx#SheetLink; components/app-shell.tsx#ShellRegistration; components/app-shell.tsx#ShellConfiguration; components/pages/settings.tsx#SettingsNavigation; components/ui.tsx#SectionTitle,ux-inventory.json: renderGraph/cssRules; CSSOM-Nachweis separat,Statisch inventarisiert; keine pauschale Abnahme
/einstellungen/sicherheit,app/einstellungen/sicherheit/page.tsx,SettingsPage,app/layout.tsx → app/einstellungen/layout.tsx,components/security-settings-page.tsx#SecuritySettingsPage; components/security-settings-page.tsx#MfaState; components/security-settings-page.tsx#SessionItem; components/app-shell.tsx#AppShell; components/app-shell.tsx#ShellProps; components/app-shell.tsx#AppShellFrame; components/app-shell.tsx#accessFromSession; components/use-browser-back-guard.ts#useBrowserBackGuard; components/use-browser-back-guard.ts#DraftGuard; components/use-browser-back-guard.ts#guards; components/use-browser-back-guard.ts#boundary; components/use-browser-back-guard.ts#armBoundary; components/use-dialog-focus.ts#useDialogFocus; components/use-dialog-focus.ts#modalStack; components/use-dialog-focus.ts#savedOverflow; components/use-dialog-focus.ts#savedRootOverflow; components/use-dialog-focus.ts#savedScrollX; components/use-dialog-focus.ts#savedScrollY; components/app-shell.tsx#NotificationItem; components/header-panel-content.tsx#PanelNotification; components/use-dialog-focus.ts#hasBlockingModal; components/use-browser-back-guard.ts#allowDraftNavigation; components/app-start.tsx#AppStart; components/confirm-dialog.tsx#ConfirmDialog; components/ui.tsx#Icon; components/ui.tsx#Button; components/ui.tsx#Logo; components/app-shell.tsx#desktopNavGroups; components/app-shell.tsx#desktopNav; components/ui.tsx#IconButton; components/avatar.tsx#Avatar; components/avatar.tsx#avatarIdentity; components/ui.tsx#Status; components/binso-ux.tsx#DetailHeading; components/binso-ux.tsx#PageHeading; components/ui.tsx#EmptyState; components/header-panel.tsx#HeaderPanel; components/header-panel.tsx#HeaderPanelKind; components/header-panel-content.tsx#SearchPanel; components/header-panel-content.tsx#PanelLink; components/ui.tsx#LoadingState; components/ui.tsx#ErrorState; components/header-panel-content.tsx#NotificationPanel; components/header-panel-content.tsx#AccountPanel; components/app-shell.tsx#SheetLink; components/app-shell.tsx#ShellRegistration; components/app-shell.tsx#ShellConfiguration; components/ui.tsx#SectionTitle; components/ui.tsx#Field; components/ui.tsx#Input; components/ui.tsx#Select; components/ui.tsx#Textarea; components/ui.tsx#Checkbox; components/ui.tsx#DateInput; components/ui.tsx#TimeInput; components/ui.tsx#CurrencyInput; components/ui.tsx#FormLabel; components/ui.tsx#FormError; components/security-settings-page.tsx#sessionLabel; components/security-settings-page.tsx#sessionDate; components/ui.tsx#Toast,ux-inventory.json: renderGraph/cssRules; CSSOM-Nachweis separat,Statisch inventarisiert; keine pauschale Abnahme
/einstellungen/sprache,app/einstellungen/sprache/page.tsx,SettingsPage,app/layout.tsx → app/einstellungen/layout.tsx,components/pages/settings.tsx#LanguageSettingsPage; components/app-shell.tsx#AppShell; components/app-shell.tsx#ShellProps; components/app-shell.tsx#AppShellFrame; components/app-shell.tsx#accessFromSession; components/use-browser-back-guard.ts#useBrowserBackGuard; components/use-browser-back-guard.ts#DraftGuard; components/use-browser-back-guard.ts#guards; components/use-browser-back-guard.ts#boundary; components/use-browser-back-guard.ts#armBoundary; components/use-dialog-focus.ts#useDialogFocus; components/use-dialog-focus.ts#modalStack; components/use-dialog-focus.ts#savedOverflow; components/use-dialog-focus.ts#savedRootOverflow; components/use-dialog-focus.ts#savedScrollX; components/use-dialog-focus.ts#savedScrollY; components/app-shell.tsx#NotificationItem; components/header-panel-content.tsx#PanelNotification; components/use-dialog-focus.ts#hasBlockingModal; components/use-browser-back-guard.ts#allowDraftNavigation; components/app-start.tsx#AppStart; components/confirm-dialog.tsx#ConfirmDialog; components/ui.tsx#Icon; components/ui.tsx#Button; components/ui.tsx#Logo; components/app-shell.tsx#desktopNavGroups; components/app-shell.tsx#desktopNav; components/ui.tsx#IconButton; components/avatar.tsx#Avatar; components/avatar.tsx#avatarIdentity; components/ui.tsx#Status; components/binso-ux.tsx#DetailHeading; components/binso-ux.tsx#PageHeading; components/ui.tsx#EmptyState; components/header-panel.tsx#HeaderPanel; components/header-panel.tsx#HeaderPanelKind; components/header-panel-content.tsx#SearchPanel; components/header-panel-content.tsx#PanelLink; components/ui.tsx#LoadingState; components/ui.tsx#ErrorState; components/header-panel-content.tsx#NotificationPanel; components/header-panel-content.tsx#AccountPanel; components/app-shell.tsx#SheetLink; components/app-shell.tsx#ShellRegistration; components/app-shell.tsx#ShellConfiguration,ux-inventory.json: renderGraph/cssRules; CSSOM-Nachweis separat,Statisch inventarisiert; keine pauschale Abnahme
/einstellungen/team,app/einstellungen/team/page.tsx,SettingsPage,app/layout.tsx → app/einstellungen/layout.tsx,components/team-settings.tsx#TeamSettingsPage; components/team-settings.tsx#TeamPayload; components/team-settings.tsx#Member; components/team-settings.tsx#Invitation; components/team-settings.tsx#demoMembers; components/app-shell.tsx#AppShell; components/app-shell.tsx#ShellProps; components/app-shell.tsx#AppShellFrame; components/app-shell.tsx#accessFromSession; components/use-browser-back-guard.ts#useBrowserBackGuard; components/use-browser-back-guard.ts#DraftGuard; components/use-browser-back-guard.ts#guards; components/use-browser-back-guard.ts#boundary; components/use-browser-back-guard.ts#armBoundary; components/use-dialog-focus.ts#useDialogFocus; components/use-dialog-focus.ts#modalStack; components/use-dialog-focus.ts#savedOverflow; components/use-dialog-focus.ts#savedRootOverflow; components/use-dialog-focus.ts#savedScrollX; components/use-dialog-focus.ts#savedScrollY; components/app-shell.tsx#NotificationItem; components/header-panel-content.tsx#PanelNotification; components/use-dialog-focus.ts#hasBlockingModal; components/use-browser-back-guard.ts#allowDraftNavigation; components/app-start.tsx#AppStart; components/confirm-dialog.tsx#ConfirmDialog; components/ui.tsx#Icon; components/ui.tsx#Button; components/ui.tsx#Logo; components/app-shell.tsx#desktopNavGroups; components/app-shell.tsx#desktopNav; components/ui.tsx#IconButton; components/avatar.tsx#Avatar; components/avatar.tsx#avatarIdentity; components/ui.tsx#Status; components/binso-ux.tsx#DetailHeading; components/binso-ux.tsx#PageHeading; components/ui.tsx#EmptyState; components/header-panel.tsx#HeaderPanel; components/header-panel.tsx#HeaderPanelKind; components/header-panel-content.tsx#SearchPanel; components/header-panel-content.tsx#PanelLink; components/ui.tsx#LoadingState; components/ui.tsx#ErrorState; components/header-panel-content.tsx#NotificationPanel; components/header-panel-content.tsx#AccountPanel; components/app-shell.tsx#SheetLink; components/app-shell.tsx#ShellRegistration; components/app-shell.tsx#ShellConfiguration; components/team-settings.tsx#roleLabel; components/binso-ux.tsx#FormSheet; components/binso-ux.tsx#SheetProps; components/binso-ux.tsx#Sheet; components/binso-ux.tsx#sheetValues; components/ui.tsx#Field; components/ui.tsx#Input; components/ui.tsx#Select; components/ui.tsx#Textarea; components/ui.tsx#Checkbox; components/ui.tsx#DateInput; components/ui.tsx#TimeInput; components/ui.tsx#CurrencyInput; components/ui.tsx#FormLabel; components/ui.tsx#FormError; components/ui.tsx#Toast,ux-inventory.json: renderGraph/cssRules; CSSOM-Nachweis separat,Statisch inventarisiert; keine pauschale Abnahme
/einstellungen/zeiterfassung,app/einstellungen/zeiterfassung/page.tsx,SettingsPage,app/layout.tsx → app/einstellungen/layout.tsx,components/time-settings.tsx#TimeSettingsPage; components/app-shell.tsx#AppShell; components/app-shell.tsx#ShellProps; components/app-shell.tsx#AppShellFrame; components/app-shell.tsx#accessFromSession; components/use-browser-back-guard.ts#useBrowserBackGuard; components/use-browser-back-guard.ts#DraftGuard; components/use-browser-back-guard.ts#guards; components/use-browser-back-guard.ts#boundary; components/use-browser-back-guard.ts#armBoundary; components/use-dialog-focus.ts#useDialogFocus; components/use-dialog-focus.ts#modalStack; components/use-dialog-focus.ts#savedOverflow; components/use-dialog-focus.ts#savedRootOverflow; components/use-dialog-focus.ts#savedScrollX; components/use-dialog-focus.ts#savedScrollY; components/app-shell.tsx#NotificationItem; components/header-panel-content.tsx#PanelNotification; components/use-dialog-focus.ts#hasBlockingModal; components/use-browser-back-guard.ts#allowDraftNavigation; components/app-start.tsx#AppStart; components/confirm-dialog.tsx#ConfirmDialog; components/ui.tsx#Icon; components/ui.tsx#Button; components/ui.tsx#Logo; components/app-shell.tsx#desktopNavGroups; components/app-shell.tsx#desktopNav; components/ui.tsx#IconButton; components/avatar.tsx#Avatar; components/avatar.tsx#avatarIdentity; components/ui.tsx#Status; components/binso-ux.tsx#DetailHeading; components/binso-ux.tsx#PageHeading; components/ui.tsx#EmptyState; components/header-panel.tsx#HeaderPanel; components/header-panel.tsx#HeaderPanelKind; components/header-panel-content.tsx#SearchPanel; components/header-panel-content.tsx#PanelLink; components/ui.tsx#LoadingState; components/ui.tsx#ErrorState; components/header-panel-content.tsx#NotificationPanel; components/header-panel-content.tsx#AccountPanel; components/app-shell.tsx#SheetLink; components/app-shell.tsx#ShellRegistration; components/app-shell.tsx#ShellConfiguration; components/ui.tsx#Toggle; components/ui.tsx#FormActions,ux-inventory.json: renderGraph/cssRules; CSSOM-Nachweis separat,Statisch inventarisiert; keine pauschale Abnahme
/email-bestaetigen,app/email-bestaetigen/page.tsx,AuthenticationPage,app/layout.tsx,components/ui.tsx#Logo; components/ui.tsx#Button; components/ui.tsx#Icon,ux-inventory.json: renderGraph/cssRules; CSSOM-Nachweis separat,Statisch inventarisiert; keine pauschale Abnahme
/finanzen/analyse,app/finanzen/analyse/page.tsx,DashboardPage,app/layout.tsx → app/finanzen/layout.tsx,components/pages/finance.tsx#FinanceAnalysisPage; components/app-shell.tsx#AppShell; components/app-shell.tsx#ShellProps; components/app-shell.tsx#AppShellFrame; components/app-shell.tsx#accessFromSession; components/use-browser-back-guard.ts#useBrowserBackGuard; components/use-browser-back-guard.ts#DraftGuard; components/use-browser-back-guard.ts#guards; components/use-browser-back-guard.ts#boundary; components/use-browser-back-guard.ts#armBoundary; components/use-dialog-focus.ts#useDialogFocus; components/use-dialog-focus.ts#modalStack; components/use-dialog-focus.ts#savedOverflow; components/use-dialog-focus.ts#savedRootOverflow; components/use-dialog-focus.ts#savedScrollX; components/use-dialog-focus.ts#savedScrollY; components/app-shell.tsx#NotificationItem; components/header-panel-content.tsx#PanelNotification; components/use-dialog-focus.ts#hasBlockingModal; components/use-browser-back-guard.ts#allowDraftNavigation; components/app-start.tsx#AppStart; components/confirm-dialog.tsx#ConfirmDialog; components/ui.tsx#Icon; components/ui.tsx#Button; components/ui.tsx#Logo; components/app-shell.tsx#desktopNavGroups; components/app-shell.tsx#desktopNav; components/ui.tsx#IconButton; components/avatar.tsx#Avatar; components/avatar.tsx#avatarIdentity; components/ui.tsx#Status; components/binso-ux.tsx#DetailHeading; components/binso-ux.tsx#PageHeading; components/ui.tsx#EmptyState; components/header-panel.tsx#HeaderPanel; components/header-panel.tsx#HeaderPanelKind; components/header-panel-content.tsx#SearchPanel; components/header-panel-content.tsx#PanelLink; components/ui.tsx#LoadingState; components/ui.tsx#ErrorState; components/header-panel-content.tsx#NotificationPanel; components/header-panel-content.tsx#AccountPanel; components/app-shell.tsx#SheetLink; components/app-shell.tsx#ShellRegistration; components/app-shell.tsx#ShellConfiguration; components/ui.tsx#Field; components/ui.tsx#Input; components/ui.tsx#Select; components/ui.tsx#Textarea; components/ui.tsx#Checkbox; components/ui.tsx#DateInput; components/ui.tsx#TimeInput; components/ui.tsx#CurrencyInput; components/ui.tsx#FormLabel; components/ui.tsx#FormError; components/binso-ux.tsx#MetricTiles; components/ui.tsx#Metric; components/pages/shared.tsx#moneyChf,ux-inventory.json: renderGraph/cssRules; CSSOM-Nachweis separat,Statisch inventarisiert; keine pauschale Abnahme
/finanzen,app/finanzen/page.tsx,DashboardPage,app/layout.tsx → app/finanzen/layout.tsx,components/pages/finance.tsx#FinancePage; components/pages/finance.tsx#FinancialSummary; components/document-list.tsx#DocumentListItem; components/app-shell.tsx#AppShell; components/app-shell.tsx#ShellProps; components/app-shell.tsx#AppShellFrame; components/app-shell.tsx#accessFromSession; components/use-browser-back-guard.ts#useBrowserBackGuard; components/use-browser-back-guard.ts#DraftGuard; components/use-browser-back-guard.ts#guards; components/use-browser-back-guard.ts#boundary; components/use-browser-back-guard.ts#armBoundary; components/use-dialog-focus.ts#useDialogFocus; components/use-dialog-focus.ts#modalStack; components/use-dialog-focus.ts#savedOverflow; components/use-dialog-focus.ts#savedRootOverflow; components/use-dialog-focus.ts#savedScrollX; components/use-dialog-focus.ts#savedScrollY; components/app-shell.tsx#NotificationItem; components/header-panel-content.tsx#PanelNotification; components/use-dialog-focus.ts#hasBlockingModal; components/use-browser-back-guard.ts#allowDraftNavigation; components/app-start.tsx#AppStart; components/confirm-dialog.tsx#ConfirmDialog; components/ui.tsx#Icon; components/ui.tsx#Button; components/ui.tsx#Logo; components/app-shell.tsx#desktopNavGroups; components/app-shell.tsx#desktopNav; components/ui.tsx#IconButton; components/avatar.tsx#Avatar; components/avatar.tsx#avatarIdentity; components/ui.tsx#Status; components/binso-ux.tsx#DetailHeading; components/binso-ux.tsx#PageHeading; components/ui.tsx#EmptyState; components/header-panel.tsx#HeaderPanel; components/header-panel.tsx#HeaderPanelKind; components/header-panel-content.tsx#SearchPanel; components/header-panel-content.tsx#PanelLink; components/ui.tsx#LoadingState; components/ui.tsx#ErrorState; components/header-panel-content.tsx#NotificationPanel; components/header-panel-content.tsx#AccountPanel; components/app-shell.tsx#SheetLink; components/app-shell.tsx#ShellRegistration; components/app-shell.tsx#ShellConfiguration; components/document-list.tsx#FinanceTabs; components/binso-ux.tsx#DetailTabs; components/binso-ux.tsx#MetricTiles; components/binso-ux.tsx#MetricTile; components/ui.tsx#Metric; components/ui.tsx#FormLabel; components/pages/shared.tsx#moneyChf; components/ui.tsx#SectionTitle; components/pages/finance.tsx#businessMonthEnd; components/document-list.tsx#DocumentSummaryRow; components/document-list.tsx#FinancialSummaryRow; components/binso-ux.tsx#ListRow; components/pages/shared.tsx#formatMinutes; components/binso-ux.tsx#FilterSheet; components/binso-ux.tsx#SheetProps; components/binso-ux.tsx#Sheet; components/binso-ux.tsx#sheetValues; components/ui.tsx#Input; components/ui.tsx#Field; components/ui.tsx#Select; components/ui.tsx#Textarea; components/ui.tsx#Checkbox; components/ui.tsx#DateInput; components/ui.tsx#TimeInput; components/ui.tsx#CurrencyInput; components/ui.tsx#FormError,ux-inventory.json: renderGraph/cssRules; CSSOM-Nachweis separat,Statisch inventarisiert; keine pauschale Abnahme
/impressum,app/impressum/page.tsx,LegalPage,app/layout.tsx,components/legal-page.tsx#LegalPage; components/marketing.tsx#MarketingHeader; components/ui.tsx#Logo; components/ui.tsx#Button; components/ui.tsx#Icon; components/marketing.tsx#MarketingFooter; components/privacy-consent.tsx#PrivacySettingsButton,ux-inventory.json: renderGraph/cssRules; CSSOM-Nachweis separat,Statisch inventarisiert; keine pauschale Abnahme
/kunden/[id]/bearbeiten,app/kunden/[id]/bearbeiten/page.tsx,EditPage,app/layout.tsx → app/kunden/layout.tsx,components/pages/customers.tsx#CustomerForm; components/use-dirty-snapshot.ts#useDirtySnapshot; components/app-shell.tsx#AppShell; components/app-shell.tsx#ShellProps; components/app-shell.tsx#AppShellFrame; components/app-shell.tsx#accessFromSession; components/use-browser-back-guard.ts#useBrowserBackGuard; components/use-browser-back-guard.ts#DraftGuard; components/use-browser-back-guard.ts#guards; components/use-browser-back-guard.ts#boundary; components/use-browser-back-guard.ts#armBoundary; components/use-dialog-focus.ts#useDialogFocus; components/use-dialog-focus.ts#modalStack; components/use-dialog-focus.ts#savedOverflow; components/use-dialog-focus.ts#savedRootOverflow; components/use-dialog-focus.ts#savedScrollX; components/use-dialog-focus.ts#savedScrollY; components/app-shell.tsx#NotificationItem; components/header-panel-content.tsx#PanelNotification; components/use-dialog-focus.ts#hasBlockingModal; components/use-browser-back-guard.ts#allowDraftNavigation; components/app-start.tsx#AppStart; components/confirm-dialog.tsx#ConfirmDialog; components/ui.tsx#Icon; components/ui.tsx#Button; components/ui.tsx#Logo; components/app-shell.tsx#desktopNavGroups; components/app-shell.tsx#desktopNav; components/ui.tsx#IconButton; components/avatar.tsx#Avatar; components/avatar.tsx#avatarIdentity; components/ui.tsx#Status; components/binso-ux.tsx#DetailHeading; components/binso-ux.tsx#PageHeading; components/ui.tsx#EmptyState; components/header-panel.tsx#HeaderPanel; components/header-panel.tsx#HeaderPanelKind; components/header-panel-content.tsx#SearchPanel; components/header-panel-content.tsx#PanelLink; components/ui.tsx#LoadingState; components/ui.tsx#ErrorState; components/header-panel-content.tsx#NotificationPanel; components/header-panel-content.tsx#AccountPanel; components/app-shell.tsx#SheetLink; components/app-shell.tsx#ShellRegistration; components/app-shell.tsx#ShellConfiguration; components/form-wizard.tsx#FormWizard; components/ui.tsx#FormActions; components/ui.tsx#FormSection; components/ui.tsx#SectionTitle; components/ui.tsx#Field; components/ui.tsx#Input; components/ui.tsx#Select; components/ui.tsx#Textarea; components/ui.tsx#Checkbox; components/ui.tsx#DateInput; components/ui.tsx#TimeInput; components/ui.tsx#CurrencyInput; components/ui.tsx#FormLabel; components/ui.tsx#FormError; components/ui.tsx#Toast,ux-inventory.json: renderGraph/cssRules; CSSOM-Nachweis separat,Statisch inventarisiert; keine pauschale Abnahme
/kunden/[id],app/kunden/[id]/page.tsx,DetailPage,app/layout.tsx → app/kunden/layout.tsx,components/pages/customers.tsx#CustomerDetail; components/pages/finance.tsx#FinancialSummary; components/app-shell.tsx#AppShell; components/app-shell.tsx#ShellProps; components/app-shell.tsx#AppShellFrame; components/app-shell.tsx#accessFromSession; components/use-browser-back-guard.ts#useBrowserBackGuard; components/use-browser-back-guard.ts#DraftGuard; components/use-browser-back-guard.ts#guards; components/use-browser-back-guard.ts#boundary; components/use-browser-back-guard.ts#armBoundary; components/use-dialog-focus.ts#useDialogFocus; components/use-dialog-focus.ts#modalStack; components/use-dialog-focus.ts#savedOverflow; components/use-dialog-focus.ts#savedRootOverflow; components/use-dialog-focus.ts#savedScrollX; components/use-dialog-focus.ts#savedScrollY; components/app-shell.tsx#NotificationItem; components/header-panel-content.tsx#PanelNotification; components/use-dialog-focus.ts#hasBlockingModal; components/use-browser-back-guard.ts#allowDraftNavigation; components/app-start.tsx#AppStart; components/confirm-dialog.tsx#ConfirmDialog; components/ui.tsx#Icon; components/ui.tsx#Button; components/ui.tsx#Logo; components/app-shell.tsx#desktopNavGroups; components/app-shell.tsx#desktopNav; components/ui.tsx#IconButton; components/avatar.tsx#Avatar; components/avatar.tsx#avatarIdentity; components/ui.tsx#Status; components/binso-ux.tsx#DetailHeading; components/binso-ux.tsx#PageHeading; components/ui.tsx#EmptyState; components/header-panel.tsx#HeaderPanel; components/header-panel.tsx#HeaderPanelKind; components/header-panel-content.tsx#SearchPanel; components/header-panel-content.tsx#PanelLink; components/ui.tsx#LoadingState; components/ui.tsx#ErrorState; components/header-panel-content.tsx#NotificationPanel; components/header-panel-content.tsx#AccountPanel; components/app-shell.tsx#SheetLink; components/app-shell.tsx#ShellRegistration; components/app-shell.tsx#ShellConfiguration; components/binso-ux.tsx#DetailTabs; components/binso-ux.tsx#MetricTiles; components/binso-ux.tsx#MetricTile; components/ui.tsx#Metric; components/ui.tsx#FormLabel; components/pages/shared.tsx#formatMinutes; components/ui.tsx#SectionTitle; components/pages/customers.tsx#formatSwissPhone; components/pages/customers.tsx#formatSwissUid; components/entity-files.tsx#EntityFiles; components/ui.tsx#Input; components/records.tsx#RecordRow; components/binso-ux.tsx#ListRow; components/records.tsx#tone; components/document-list.tsx#DocumentList; components/document-list.tsx#DocumentListItem; components/records.tsx#RecordsView; components/binso-ux.tsx#ListSearch; components/records.tsx#DataTable; components/records.tsx#DataTableHead; components/records.tsx#tableCells; components/records.tsx#DataTableRow; components/document-list.tsx#DocumentSummaryRow; components/document-list.tsx#FinancialSummaryRow; components/pages/shared.tsx#swissDate; components/binso-ux.tsx#ActionSheet; components/binso-ux.tsx#SheetProps; components/binso-ux.tsx#Sheet; components/binso-ux.tsx#sheetValues; components/binso-ux.tsx#ActionRow; components/binso-ux.tsx#FormSheet; components/ui.tsx#Field; components/ui.tsx#Select; components/ui.tsx#Textarea; components/ui.tsx#Checkbox; components/ui.tsx#DateInput; components/ui.tsx#TimeInput; components/ui.tsx#CurrencyInput; components/ui.tsx#FormError; components/ui.tsx#Toast,ux-inventory.json: renderGraph/cssRules; CSSOM-Nachweis separat,Statisch inventarisiert; keine pauschale Abnahme
/kunden/neu,app/kunden/neu/page.tsx,CreatePage,app/layout.tsx → app/kunden/layout.tsx,components/pages/customers.tsx#CustomerForm; components/use-dirty-snapshot.ts#useDirtySnapshot; components/app-shell.tsx#AppShell; components/app-shell.tsx#ShellProps; components/app-shell.tsx#AppShellFrame; components/app-shell.tsx#accessFromSession; components/use-browser-back-guard.ts#useBrowserBackGuard; components/use-browser-back-guard.ts#DraftGuard; components/use-browser-back-guard.ts#guards; components/use-browser-back-guard.ts#boundary; components/use-browser-back-guard.ts#armBoundary; components/use-dialog-focus.ts#useDialogFocus; components/use-dialog-focus.ts#modalStack; components/use-dialog-focus.ts#savedOverflow; components/use-dialog-focus.ts#savedRootOverflow; components/use-dialog-focus.ts#savedScrollX; components/use-dialog-focus.ts#savedScrollY; components/app-shell.tsx#NotificationItem; components/header-panel-content.tsx#PanelNotification; components/use-dialog-focus.ts#hasBlockingModal; components/use-browser-back-guard.ts#allowDraftNavigation; components/app-start.tsx#AppStart; components/confirm-dialog.tsx#ConfirmDialog; components/ui.tsx#Icon; components/ui.tsx#Button; components/ui.tsx#Logo; components/app-shell.tsx#desktopNavGroups; components/app-shell.tsx#desktopNav; components/ui.tsx#IconButton; components/avatar.tsx#Avatar; components/avatar.tsx#avatarIdentity; components/ui.tsx#Status; components/binso-ux.tsx#DetailHeading; components/binso-ux.tsx#PageHeading; components/ui.tsx#EmptyState; components/header-panel.tsx#HeaderPanel; components/header-panel.tsx#HeaderPanelKind; components/header-panel-content.tsx#SearchPanel; components/header-panel-content.tsx#PanelLink; components/ui.tsx#LoadingState; components/ui.tsx#ErrorState; components/header-panel-content.tsx#NotificationPanel; components/header-panel-content.tsx#AccountPanel; components/app-shell.tsx#SheetLink; components/app-shell.tsx#ShellRegistration; components/app-shell.tsx#ShellConfiguration; components/form-wizard.tsx#FormWizard; components/ui.tsx#FormActions; components/ui.tsx#FormSection; components/ui.tsx#SectionTitle; components/ui.tsx#Field; components/ui.tsx#Input; components/ui.tsx#Select; components/ui.tsx#Textarea; components/ui.tsx#Checkbox; components/ui.tsx#DateInput; components/ui.tsx#TimeInput; components/ui.tsx#CurrencyInput; components/ui.tsx#FormLabel; components/ui.tsx#FormError; components/ui.tsx#Toast,ux-inventory.json: renderGraph/cssRules; CSSOM-Nachweis separat,Statisch inventarisiert; keine pauschale Abnahme
/kunden,app/kunden/page.tsx,ListPage,app/layout.tsx → app/kunden/layout.tsx,components/pages/customers.tsx#CustomersPage; components/pages/shared.tsx#useDemoRows; components/pages/shared.tsx#mapRemoteRows; components/pages/shared.tsx#moneyChf; components/pages/shared.tsx#swissDate; components/pages/shared.tsx#paymentMethodLabel; components/app-shell.tsx#AppShell; components/app-shell.tsx#ShellProps; components/app-shell.tsx#AppShellFrame; components/app-shell.tsx#accessFromSession; components/use-browser-back-guard.ts#useBrowserBackGuard; components/use-browser-back-guard.ts#DraftGuard; components/use-browser-back-guard.ts#guards; components/use-browser-back-guard.ts#boundary; components/use-browser-back-guard.ts#armBoundary; components/use-dialog-focus.ts#useDialogFocus; components/use-dialog-focus.ts#modalStack; components/use-dialog-focus.ts#savedOverflow; components/use-dialog-focus.ts#savedRootOverflow; components/use-dialog-focus.ts#savedScrollX; components/use-dialog-focus.ts#savedScrollY; components/app-shell.tsx#NotificationItem; components/header-panel-content.tsx#PanelNotification; components/use-dialog-focus.ts#hasBlockingModal; components/use-browser-back-guard.ts#allowDraftNavigation; components/app-start.tsx#AppStart; components/confirm-dialog.tsx#ConfirmDialog; components/ui.tsx#Icon; components/ui.tsx#Button; components/ui.tsx#Logo; components/app-shell.tsx#desktopNavGroups; components/app-shell.tsx#desktopNav; components/ui.tsx#IconButton; components/avatar.tsx#Avatar; components/avatar.tsx#avatarIdentity; components/ui.tsx#Status; components/binso-ux.tsx#DetailHeading; components/binso-ux.tsx#PageHeading; components/ui.tsx#EmptyState; components/header-panel.tsx#HeaderPanel; components/header-panel.tsx#HeaderPanelKind; components/header-panel-content.tsx#SearchPanel; components/header-panel-content.tsx#PanelLink; components/ui.tsx#LoadingState; components/ui.tsx#ErrorState; components/header-panel-content.tsx#NotificationPanel; components/header-panel-content.tsx#AccountPanel; components/app-shell.tsx#SheetLink; components/app-shell.tsx#ShellRegistration; components/app-shell.tsx#ShellConfiguration; components/binso-ux.tsx#CreateAction; components/records.tsx#RecordsView; components/binso-ux.tsx#ListSearch; components/records.tsx#DataTable; components/records.tsx#DataTableHead; components/records.tsx#tableCells; components/records.tsx#tone; components/records.tsx#DataTableRow; components/records.tsx#RecordRow; components/binso-ux.tsx#ListRow,ux-inventory.json: renderGraph/cssRules; CSSOM-Nachweis separat,Statisch inventarisiert; keine pauschale Abnahme
/login,app/login/page.tsx,AuthenticationPage,app/layout.tsx,components/ui.tsx#Logo; components/ui.tsx#Field; components/ui.tsx#Input; components/ui.tsx#Select; components/ui.tsx#Textarea; components/ui.tsx#Checkbox; components/ui.tsx#DateInput; components/ui.tsx#TimeInput; components/ui.tsx#CurrencyInput; components/ui.tsx#FormLabel; components/ui.tsx#FormError; components/ui.tsx#ErrorState; components/ui.tsx#Button; components/ui.tsx#Icon,ux-inventory.json: renderGraph/cssRules; CSSOM-Nachweis separat,Statisch inventarisiert; keine pauschale Abnahme
/mitarbeiter/[id],app/mitarbeiter/[id]/page.tsx,DetailPage,app/layout.tsx → app/mitarbeiter/layout.tsx,components/pages/employees.tsx#EmployeeForm; components/use-dirty-snapshot.ts#useDirtySnapshot; components/app-shell.tsx#AppShell; components/app-shell.tsx#ShellProps; components/app-shell.tsx#AppShellFrame; components/app-shell.tsx#accessFromSession; components/use-browser-back-guard.ts#useBrowserBackGuard; components/use-browser-back-guard.ts#DraftGuard; components/use-browser-back-guard.ts#guards; components/use-browser-back-guard.ts#boundary; components/use-browser-back-guard.ts#armBoundary; components/use-dialog-focus.ts#useDialogFocus; components/use-dialog-focus.ts#modalStack; components/use-dialog-focus.ts#savedOverflow; components/use-dialog-focus.ts#savedRootOverflow; components/use-dialog-focus.ts#savedScrollX; components/use-dialog-focus.ts#savedScrollY; components/app-shell.tsx#NotificationItem; components/header-panel-content.tsx#PanelNotification; components/use-dialog-focus.ts#hasBlockingModal; components/use-browser-back-guard.ts#allowDraftNavigation; components/app-start.tsx#AppStart; components/confirm-dialog.tsx#ConfirmDialog; components/ui.tsx#Icon; components/ui.tsx#Button; components/ui.tsx#Logo; components/app-shell.tsx#desktopNavGroups; components/app-shell.tsx#desktopNav; components/ui.tsx#IconButton; components/avatar.tsx#Avatar; components/avatar.tsx#avatarIdentity; components/ui.tsx#Status; components/binso-ux.tsx#DetailHeading; components/binso-ux.tsx#PageHeading; components/ui.tsx#EmptyState; components/header-panel.tsx#HeaderPanel; components/header-panel.tsx#HeaderPanelKind; components/header-panel-content.tsx#SearchPanel; components/header-panel-content.tsx#PanelLink; components/ui.tsx#LoadingState; components/ui.tsx#ErrorState; components/header-panel-content.tsx#NotificationPanel; components/header-panel-content.tsx#AccountPanel; components/app-shell.tsx#SheetLink; components/app-shell.tsx#ShellRegistration; components/app-shell.tsx#ShellConfiguration; components/binso-ux.tsx#ActionsMenu; components/binso-ux.tsx#RowActions; components/binso-ux.tsx#ActionSheet; components/binso-ux.tsx#SheetProps; components/binso-ux.tsx#Sheet; components/binso-ux.tsx#sheetValues; components/binso-ux.tsx#ActionRow; components/binso-ux.tsx#DetailTabs; components/ui.tsx#SectionTitle; components/pages/shared.tsx#swissDate; components/form-wizard.tsx#FormWizard; components/ui.tsx#FormActions; components/ui.tsx#FormSection; components/ui.tsx#Field; components/ui.tsx#Input; components/ui.tsx#Select; components/ui.tsx#Textarea; components/ui.tsx#Checkbox; components/ui.tsx#DateInput; components/ui.tsx#TimeInput; components/ui.tsx#CurrencyInput; components/ui.tsx#FormLabel; components/ui.tsx#FormError; components/records.tsx#TimeEntryRow; components/records.tsx#RecordRow; components/binso-ux.tsx#ListRow; components/records.tsx#tone; components/pages/shared.tsx#formatMinutes; components/ui.tsx#Toast,ux-inventory.json: renderGraph/cssRules; CSSOM-Nachweis separat,Statisch inventarisiert; keine pauschale Abnahme
/mitarbeiter/neu,app/mitarbeiter/neu/page.tsx,CreatePage,app/layout.tsx → app/mitarbeiter/layout.tsx,components/pages/employees.tsx#EmployeeForm; components/use-dirty-snapshot.ts#useDirtySnapshot; components/app-shell.tsx#AppShell; components/app-shell.tsx#ShellProps; components/app-shell.tsx#AppShellFrame; components/app-shell.tsx#accessFromSession; components/use-browser-back-guard.ts#useBrowserBackGuard; components/use-browser-back-guard.ts#DraftGuard; components/use-browser-back-guard.ts#guards; components/use-browser-back-guard.ts#boundary; components/use-browser-back-guard.ts#armBoundary; components/use-dialog-focus.ts#useDialogFocus; components/use-dialog-focus.ts#modalStack; components/use-dialog-focus.ts#savedOverflow; components/use-dialog-focus.ts#savedRootOverflow; components/use-dialog-focus.ts#savedScrollX; components/use-dialog-focus.ts#savedScrollY; components/app-shell.tsx#NotificationItem; components/header-panel-content.tsx#PanelNotification; components/use-dialog-focus.ts#hasBlockingModal; components/use-browser-back-guard.ts#allowDraftNavigation; components/app-start.tsx#AppStart; components/confirm-dialog.tsx#ConfirmDialog; components/ui.tsx#Icon; components/ui.tsx#Button; components/ui.tsx#Logo; components/app-shell.tsx#desktopNavGroups; components/app-shell.tsx#desktopNav; components/ui.tsx#IconButton; components/avatar.tsx#Avatar; components/avatar.tsx#avatarIdentity; components/ui.tsx#Status; components/binso-ux.tsx#DetailHeading; components/binso-ux.tsx#PageHeading; components/ui.tsx#EmptyState; components/header-panel.tsx#HeaderPanel; components/header-panel.tsx#HeaderPanelKind; components/header-panel-content.tsx#SearchPanel; components/header-panel-content.tsx#PanelLink; components/ui.tsx#LoadingState; components/ui.tsx#ErrorState; components/header-panel-content.tsx#NotificationPanel; components/header-panel-content.tsx#AccountPanel; components/app-shell.tsx#SheetLink; components/app-shell.tsx#ShellRegistration; components/app-shell.tsx#ShellConfiguration; components/binso-ux.tsx#ActionsMenu; components/binso-ux.tsx#RowActions; components/binso-ux.tsx#ActionSheet; components/binso-ux.tsx#SheetProps; components/binso-ux.tsx#Sheet; components/binso-ux.tsx#sheetValues; components/binso-ux.tsx#ActionRow; components/binso-ux.tsx#DetailTabs; components/ui.tsx#SectionTitle; components/pages/shared.tsx#swissDate; components/form-wizard.tsx#FormWizard; components/ui.tsx#FormActions; components/ui.tsx#FormSection; components/ui.tsx#Field; components/ui.tsx#Input; components/ui.tsx#Select; components/ui.tsx#Textarea; components/ui.tsx#Checkbox; components/ui.tsx#DateInput; components/ui.tsx#TimeInput; components/ui.tsx#CurrencyInput; components/ui.tsx#FormLabel; components/ui.tsx#FormError; components/records.tsx#TimeEntryRow; components/records.tsx#RecordRow; components/binso-ux.tsx#ListRow; components/records.tsx#tone; components/pages/shared.tsx#formatMinutes; components/ui.tsx#Toast,ux-inventory.json: renderGraph/cssRules; CSSOM-Nachweis separat,Statisch inventarisiert; keine pauschale Abnahme
/mitarbeiter,app/mitarbeiter/page.tsx,ListPage,app/layout.tsx → app/mitarbeiter/layout.tsx,components/pages/employees.tsx#EmployeesPage; components/pages/shared.tsx#useDemoRows; components/pages/shared.tsx#mapRemoteRows; components/pages/shared.tsx#moneyChf; components/pages/shared.tsx#swissDate; components/pages/shared.tsx#paymentMethodLabel; components/app-shell.tsx#AppShell; components/app-shell.tsx#ShellProps; components/app-shell.tsx#AppShellFrame; components/app-shell.tsx#accessFromSession; components/use-browser-back-guard.ts#useBrowserBackGuard; components/use-browser-back-guard.ts#DraftGuard; components/use-browser-back-guard.ts#guards; components/use-browser-back-guard.ts#boundary; components/use-browser-back-guard.ts#armBoundary; components/use-dialog-focus.ts#useDialogFocus; components/use-dialog-focus.ts#modalStack; components/use-dialog-focus.ts#savedOverflow; components/use-dialog-focus.ts#savedRootOverflow; components/use-dialog-focus.ts#savedScrollX; components/use-dialog-focus.ts#savedScrollY; components/app-shell.tsx#NotificationItem; components/header-panel-content.tsx#PanelNotification; components/use-dialog-focus.ts#hasBlockingModal; components/use-browser-back-guard.ts#allowDraftNavigation; components/app-start.tsx#AppStart; components/confirm-dialog.tsx#ConfirmDialog; components/ui.tsx#Icon; components/ui.tsx#Button; components/ui.tsx#Logo; components/app-shell.tsx#desktopNavGroups; components/app-shell.tsx#desktopNav; components/ui.tsx#IconButton; components/avatar.tsx#Avatar; components/avatar.tsx#avatarIdentity; components/ui.tsx#Status; components/binso-ux.tsx#DetailHeading; components/binso-ux.tsx#PageHeading; components/ui.tsx#EmptyState; components/header-panel.tsx#HeaderPanel; components/header-panel.tsx#HeaderPanelKind; components/header-panel-content.tsx#SearchPanel; components/header-panel-content.tsx#PanelLink; components/ui.tsx#LoadingState; components/ui.tsx#ErrorState; components/header-panel-content.tsx#NotificationPanel; components/header-panel-content.tsx#AccountPanel; components/app-shell.tsx#SheetLink; components/app-shell.tsx#ShellRegistration; components/app-shell.tsx#ShellConfiguration; components/binso-ux.tsx#CreateAction; components/records.tsx#RecordsView; components/binso-ux.tsx#ListSearch; components/records.tsx#DataTable; components/records.tsx#DataTableHead; components/records.tsx#tableCells; components/records.tsx#tone; components/records.tsx#DataTableRow; components/records.tsx#RecordRow; components/binso-ux.tsx#ListRow,ux-inventory.json: renderGraph/cssRules; CSSOM-Nachweis separat,Statisch inventarisiert; keine pauschale Abnahme
/offline,app/offline/page.tsx,PublicPage,app/layout.tsx,components/ui.tsx#Logo,ux-inventory.json: renderGraph/cssRules; CSSOM-Nachweis separat,Statisch inventarisiert; keine pauschale Abnahme
/operator/[...section],app/operator/[...section]/page.tsx,OperatorPage,app/layout.tsx → app/operator/layout.tsx,components/operator.tsx#OperatorPage; components/operator.tsx#operatorNav; components/use-dialog-focus.ts#useDialogFocus; components/use-dialog-focus.ts#modalStack; components/use-dialog-focus.ts#savedOverflow; components/use-dialog-focus.ts#savedRootOverflow; components/use-dialog-focus.ts#savedScrollX; components/use-dialog-focus.ts#savedScrollY; components/ui.tsx#Logo; components/operator.tsx#operatorNavGroups; components/ui.tsx#Icon; components/avatar.tsx#Avatar; components/avatar.tsx#avatarIdentity; components/binso-ux.tsx#PageHeading; components/operator.tsx#operatorSubtitle; components/operator.tsx#tickets; components/header-panel.tsx#HeaderPanel; components/header-panel.tsx#HeaderPanelKind; components/ui.tsx#IconButton; components/ui.tsx#ErrorState; components/ui.tsx#Button; components/operator.tsx#TicketDetail; components/operator.tsx#OperatorLoadState; components/ui.tsx#LoadingState; components/ui.tsx#Field; components/ui.tsx#Input; components/ui.tsx#Select; components/ui.tsx#Textarea; components/ui.tsx#Checkbox; components/ui.tsx#DateInput; components/ui.tsx#TimeInput; components/ui.tsx#CurrencyInput; components/ui.tsx#FormLabel; components/ui.tsx#FormError; components/ui.tsx#MessageBubble; components/ui.tsx#Status; components/ui.tsx#SectionTitle; components/ui.tsx#Toast; components/ui.tsx#EmptyState; components/operator.tsx#OperatorCustomerDetail; components/operator.tsx#demoCustomers; components/operator.tsx#demoPlan; components/ui.tsx#Metric; components/operator.tsx#moneyChf; components/operator.tsx#operatorStatus; components/operator.tsx#operatorPlan; components/operator.tsx#TicketsView; components/operator.tsx#useOperatorTickets; components/operator.tsx#OperatorTicket; components/binso-ux.tsx#ListSearch; components/records.tsx#DataTable; components/records.tsx#DataTableHead; components/records.tsx#tableCells; components/records.tsx#DataTableRow; components/operator.tsx#CustomersView; components/operator.tsx#useOperatorCustomers; components/operator.tsx#OperatorTenant; components/operator.tsx#PaymentsView; components/operator.tsx#PaymentInsight; components/operator.tsx#OperatorFinanceView; components/operator.tsx#SubscriptionsView; components/binso-ux.tsx#FormSheet; components/binso-ux.tsx#SheetProps; components/binso-ux.tsx#Sheet; components/use-browser-back-guard.ts#useBrowserBackGuard; components/use-browser-back-guard.ts#DraftGuard; components/use-browser-back-guard.ts#guards; components/use-browser-back-guard.ts#boundary; components/use-browser-back-guard.ts#armBoundary; components/binso-ux.tsx#sheetValues; components/confirm-dialog.tsx#ConfirmDialog; components/operator.tsx#RestrictionsView; components/operator.tsx#MonitoringView; components/operator.tsx#MonitoringCockpit; components/operator.tsx#AnnouncementsView; components/operator.tsx#SecurityView; components/operator.tsx#AuditView; components/operator.tsx#OperatorDashboard,ux-inventory.json: renderGraph/cssRules; CSSOM-Nachweis separat,Statisch inventarisiert; keine pauschale Abnahme
/operator/login,app/operator/login/page.tsx,AuthenticationPage,app/layout.tsx → app/operator/layout.tsx,components/ui.tsx#Logo; components/ui.tsx#Button; components/ui.tsx#Icon; components/ui.tsx#ErrorState,ux-inventory.json: renderGraph/cssRules; CSSOM-Nachweis separat,Statisch inventarisiert; keine pauschale Abnahme
/operator,app/operator/page.tsx,OperatorPage,app/layout.tsx → app/operator/layout.tsx,components/operator.tsx#OperatorPage; components/operator.tsx#operatorNav; components/use-dialog-focus.ts#useDialogFocus; components/use-dialog-focus.ts#modalStack; components/use-dialog-focus.ts#savedOverflow; components/use-dialog-focus.ts#savedRootOverflow; components/use-dialog-focus.ts#savedScrollX; components/use-dialog-focus.ts#savedScrollY; components/ui.tsx#Logo; components/operator.tsx#operatorNavGroups; components/ui.tsx#Icon; components/avatar.tsx#Avatar; components/avatar.tsx#avatarIdentity; components/binso-ux.tsx#PageHeading; components/operator.tsx#operatorSubtitle; components/operator.tsx#tickets; components/header-panel.tsx#HeaderPanel; components/header-panel.tsx#HeaderPanelKind; components/ui.tsx#IconButton; components/ui.tsx#ErrorState; components/ui.tsx#Button; components/operator.tsx#TicketDetail; components/operator.tsx#OperatorLoadState; components/ui.tsx#LoadingState; components/ui.tsx#Field; components/ui.tsx#Input; components/ui.tsx#Select; components/ui.tsx#Textarea; components/ui.tsx#Checkbox; components/ui.tsx#DateInput; components/ui.tsx#TimeInput; components/ui.tsx#CurrencyInput; components/ui.tsx#FormLabel; components/ui.tsx#FormError; components/ui.tsx#MessageBubble; components/ui.tsx#Status; components/ui.tsx#SectionTitle; components/ui.tsx#Toast; components/ui.tsx#EmptyState; components/operator.tsx#OperatorCustomerDetail; components/operator.tsx#demoCustomers; components/operator.tsx#demoPlan; components/ui.tsx#Metric; components/operator.tsx#moneyChf; components/operator.tsx#operatorStatus; components/operator.tsx#operatorPlan; components/operator.tsx#TicketsView; components/operator.tsx#useOperatorTickets; components/operator.tsx#OperatorTicket; components/binso-ux.tsx#ListSearch; components/records.tsx#DataTable; components/records.tsx#DataTableHead; components/records.tsx#tableCells; components/records.tsx#DataTableRow; components/operator.tsx#CustomersView; components/operator.tsx#useOperatorCustomers; components/operator.tsx#OperatorTenant; components/operator.tsx#PaymentsView; components/operator.tsx#PaymentInsight; components/operator.tsx#OperatorFinanceView; components/operator.tsx#SubscriptionsView; components/binso-ux.tsx#FormSheet; components/binso-ux.tsx#SheetProps; components/binso-ux.tsx#Sheet; components/use-browser-back-guard.ts#useBrowserBackGuard; components/use-browser-back-guard.ts#DraftGuard; components/use-browser-back-guard.ts#guards; components/use-browser-back-guard.ts#boundary; components/use-browser-back-guard.ts#armBoundary; components/binso-ux.tsx#sheetValues; components/confirm-dialog.tsx#ConfirmDialog; components/operator.tsx#RestrictionsView; components/operator.tsx#MonitoringView; components/operator.tsx#MonitoringCockpit; components/operator.tsx#AnnouncementsView; components/operator.tsx#SecurityView; components/operator.tsx#AuditView; components/operator.tsx#OperatorDashboard,ux-inventory.json: renderGraph/cssRules; CSSOM-Nachweis separat,Statisch inventarisiert; keine pauschale Abnahme
/,app/page.tsx,PublicPage,app/layout.tsx,components/marketing.tsx#MarketingHeader; components/ui.tsx#Logo; components/ui.tsx#Button; components/ui.tsx#Icon; components/marketing.tsx#ProductPreview; components/marketing.tsx#ProductScreen; components/marketing.tsx#productScreens; components/marketing.tsx#MarketingFaq; components/marketing.tsx#MarketingFooter; components/privacy-consent.tsx#PrivacySettingsButton,ux-inventory.json: renderGraph/cssRules; CSSOM-Nachweis separat,Statisch inventarisiert; keine pauschale Abnahme
/passwort-vergessen,app/passwort-vergessen/page.tsx,AuthenticationPage,app/layout.tsx,components/ui.tsx#Logo; components/ui.tsx#Button; components/ui.tsx#Icon; components/ui.tsx#Field; components/ui.tsx#Input; components/ui.tsx#Select; components/ui.tsx#Textarea; components/ui.tsx#Checkbox; components/ui.tsx#DateInput; components/ui.tsx#TimeInput; components/ui.tsx#CurrencyInput; components/ui.tsx#FormLabel; components/ui.tsx#FormError; components/ui.tsx#ErrorState,ux-inventory.json: renderGraph/cssRules; CSSOM-Nachweis separat,Statisch inventarisiert; keine pauschale Abnahme
/passwort-zuruecksetzen,app/passwort-zuruecksetzen/page.tsx,AuthenticationPage,app/layout.tsx,components/use-browser-back-guard.ts#useBrowserBackGuard; components/use-browser-back-guard.ts#DraftGuard; components/use-browser-back-guard.ts#guards; components/use-browser-back-guard.ts#boundary; components/use-browser-back-guard.ts#armBoundary; components/ui.tsx#Logo; components/ui.tsx#Button; components/ui.tsx#Icon; components/ui.tsx#Field; components/ui.tsx#Input; components/ui.tsx#Select; components/ui.tsx#Textarea; components/ui.tsx#Checkbox; components/ui.tsx#DateInput; components/ui.tsx#TimeInput; components/ui.tsx#CurrencyInput; components/ui.tsx#FormLabel; components/ui.tsx#FormError; components/ui.tsx#ErrorState; components/confirm-dialog.tsx#ConfirmDialog; components/use-dialog-focus.ts#useDialogFocus; components/use-dialog-focus.ts#modalStack; components/use-dialog-focus.ts#savedOverflow; components/use-dialog-focus.ts#savedRootOverflow; components/use-dialog-focus.ts#savedScrollX; components/use-dialog-focus.ts#savedScrollY,ux-inventory.json: renderGraph/cssRules; CSSOM-Nachweis separat,Statisch inventarisiert; keine pauschale Abnahme
/portal/login,app/portal/login/page.tsx,RedirectPage,app/layout.tsx → app/portal/layout.tsx,,ux-inventory.json: renderGraph/cssRules; CSSOM-Nachweis separat,Statisch inventarisiert; keine pauschale Abnahme
/portal,app/portal/page.tsx,RedirectPage,app/layout.tsx → app/portal/layout.tsx,,ux-inventory.json: renderGraph/cssRules; CSSOM-Nachweis separat,Statisch inventarisiert; keine pauschale Abnahme
/portal/registrieren,app/portal/registrieren/page.tsx,RedirectPage,app/layout.tsx → app/portal/layout.tsx,,ux-inventory.json: renderGraph/cssRules; CSSOM-Nachweis separat,Statisch inventarisiert; keine pauschale Abnahme
/preise,app/preise/page.tsx,PublicPage,app/layout.tsx → app/preise/layout.tsx,components/marketing.tsx#MarketingHeader; components/ui.tsx#Logo; components/ui.tsx#Button; components/ui.tsx#Icon; components/marketing.tsx#MarketingFooter; components/privacy-consent.tsx#PrivacySettingsButton,ux-inventory.json: renderGraph/cssRules; CSSOM-Nachweis separat,Statisch inventarisiert; keine pauschale Abnahme
/preview/dashboard,app/preview/dashboard/page.tsx,DashboardPage,app/layout.tsx,components/pages/dashboard.tsx#DashboardPage; components/app-shell.tsx#AppShell; components/app-shell.tsx#ShellProps; components/app-shell.tsx#AppShellFrame; components/app-shell.tsx#accessFromSession; components/use-browser-back-guard.ts#useBrowserBackGuard; components/use-browser-back-guard.ts#DraftGuard; components/use-browser-back-guard.ts#guards; components/use-browser-back-guard.ts#boundary; components/use-browser-back-guard.ts#armBoundary; components/use-dialog-focus.ts#useDialogFocus; components/use-dialog-focus.ts#modalStack; components/use-dialog-focus.ts#savedOverflow; components/use-dialog-focus.ts#savedRootOverflow; components/use-dialog-focus.ts#savedScrollX; components/use-dialog-focus.ts#savedScrollY; components/app-shell.tsx#NotificationItem; components/header-panel-content.tsx#PanelNotification; components/use-dialog-focus.ts#hasBlockingModal; components/use-browser-back-guard.ts#allowDraftNavigation; components/app-start.tsx#AppStart; components/confirm-dialog.tsx#ConfirmDialog; components/ui.tsx#Icon; components/ui.tsx#Button; components/ui.tsx#Logo; components/app-shell.tsx#desktopNavGroups; components/app-shell.tsx#desktopNav; components/ui.tsx#IconButton; components/avatar.tsx#Avatar; components/avatar.tsx#avatarIdentity; components/ui.tsx#Status; components/binso-ux.tsx#DetailHeading; components/binso-ux.tsx#PageHeading; components/ui.tsx#EmptyState; components/header-panel.tsx#HeaderPanel; components/header-panel.tsx#HeaderPanelKind; components/header-panel-content.tsx#SearchPanel; components/header-panel-content.tsx#PanelLink; components/ui.tsx#LoadingState; components/ui.tsx#ErrorState; components/header-panel-content.tsx#NotificationPanel; components/header-panel-content.tsx#AccountPanel; components/app-shell.tsx#SheetLink; components/app-shell.tsx#ShellRegistration; components/app-shell.tsx#ShellConfiguration; components/ui.tsx#SectionTitle; components/binso-ux.tsx#MetricTiles; components/binso-ux.tsx#MetricTile; components/ui.tsx#Metric; components/ui.tsx#FormLabel; components/pages/shared.tsx#moneyChf; components/pages/dashboard.tsx#RevenueInsight; components/document-list.tsx#DocumentSummaryRow; components/document-list.tsx#DocumentListItem; components/document-list.tsx#FinancialSummaryRow; components/binso-ux.tsx#ListRow; components/pages/shared.tsx#swissDate; components/pages/shared.tsx#paymentMethodLabel,ux-inventory.json: renderGraph/cssRules; CSSOM-Nachweis separat,Statisch inventarisiert; keine pauschale Abnahme
/preview/rechnungen,app/preview/rechnungen/page.tsx,ListPage,app/layout.tsx,components/pages/finance.tsx#InvoicesPage; components/pages/finance.tsx#FinancialDocumentsPage; components/document-list.tsx#DocumentListItem; components/app-shell.tsx#AppShell; components/app-shell.tsx#ShellProps; components/app-shell.tsx#AppShellFrame; components/app-shell.tsx#accessFromSession; components/use-browser-back-guard.ts#useBrowserBackGuard; components/use-browser-back-guard.ts#DraftGuard; components/use-browser-back-guard.ts#guards; components/use-browser-back-guard.ts#boundary; components/use-browser-back-guard.ts#armBoundary; components/use-dialog-focus.ts#useDialogFocus; components/use-dialog-focus.ts#modalStack; components/use-dialog-focus.ts#savedOverflow; components/use-dialog-focus.ts#savedRootOverflow; components/use-dialog-focus.ts#savedScrollX; components/use-dialog-focus.ts#savedScrollY; components/app-shell.tsx#NotificationItem; components/header-panel-content.tsx#PanelNotification; components/use-dialog-focus.ts#hasBlockingModal; components/use-browser-back-guard.ts#allowDraftNavigation; components/app-start.tsx#AppStart; components/confirm-dialog.tsx#ConfirmDialog; components/ui.tsx#Icon; components/ui.tsx#Button; components/ui.tsx#Logo; components/app-shell.tsx#desktopNavGroups; components/app-shell.tsx#desktopNav; components/ui.tsx#IconButton; components/avatar.tsx#Avatar; components/avatar.tsx#avatarIdentity; components/ui.tsx#Status; components/binso-ux.tsx#DetailHeading; components/binso-ux.tsx#PageHeading; components/ui.tsx#EmptyState; components/header-panel.tsx#HeaderPanel; components/header-panel.tsx#HeaderPanelKind; components/header-panel-content.tsx#SearchPanel; components/header-panel-content.tsx#PanelLink; components/ui.tsx#LoadingState; components/ui.tsx#ErrorState; components/header-panel-content.tsx#NotificationPanel; components/header-panel-content.tsx#AccountPanel; components/app-shell.tsx#SheetLink; components/app-shell.tsx#ShellRegistration; components/app-shell.tsx#ShellConfiguration; components/binso-ux.tsx#CreateAction; components/document-list.tsx#FinanceTabs; components/binso-ux.tsx#DetailTabs; components/document-list.tsx#DocumentList; components/records.tsx#RecordsView; components/binso-ux.tsx#ListSearch; components/records.tsx#DataTable; components/records.tsx#DataTableHead; components/records.tsx#tableCells; components/records.tsx#tone; components/records.tsx#DataTableRow; components/document-list.tsx#DocumentSummaryRow; components/document-list.tsx#FinancialSummaryRow; components/binso-ux.tsx#ListRow,ux-inventory.json: renderGraph/cssRules; CSSOM-Nachweis separat,Statisch inventarisiert; keine pauschale Abnahme
/preview/zeit,app/preview/zeit/page.tsx,AppPage,app/layout.tsx,components/pages/time.tsx#TimePage; components/records.tsx#TimeEntryRow; components/records.tsx#RecordRow; components/binso-ux.tsx#ListRow; components/ui.tsx#Status; components/avatar.tsx#Avatar; components/avatar.tsx#avatarIdentity; components/ui.tsx#Icon; components/records.tsx#tone; components/ui.tsx#LoadingState; components/ui.tsx#ErrorState; components/ui.tsx#Button; components/pages/shared.tsx#formatMinutes; components/pages/shared.tsx#swissDate; components/ui.tsx#Input; components/ui.tsx#EmptyState; components/app-shell.tsx#AppShell; components/app-shell.tsx#ShellProps; components/app-shell.tsx#AppShellFrame; components/app-shell.tsx#accessFromSession; components/use-browser-back-guard.ts#useBrowserBackGuard; components/use-browser-back-guard.ts#DraftGuard; components/use-browser-back-guard.ts#guards; components/use-browser-back-guard.ts#boundary; components/use-browser-back-guard.ts#armBoundary; components/use-dialog-focus.ts#useDialogFocus; components/use-dialog-focus.ts#modalStack; components/use-dialog-focus.ts#savedOverflow; components/use-dialog-focus.ts#savedRootOverflow; components/use-dialog-focus.ts#savedScrollX; components/use-dialog-focus.ts#savedScrollY; components/app-shell.tsx#NotificationItem; components/header-panel-content.tsx#PanelNotification; components/use-dialog-focus.ts#hasBlockingModal; components/use-browser-back-guard.ts#allowDraftNavigation; components/app-start.tsx#AppStart; components/confirm-dialog.tsx#ConfirmDialog; components/ui.tsx#Logo; components/app-shell.tsx#desktopNavGroups; components/app-shell.tsx#desktopNav; components/ui.tsx#IconButton; components/binso-ux.tsx#DetailHeading; components/binso-ux.tsx#PageHeading; components/header-panel.tsx#HeaderPanel; components/header-panel.tsx#HeaderPanelKind; components/header-panel-content.tsx#SearchPanel; components/header-panel-content.tsx#PanelLink; components/header-panel-content.tsx#NotificationPanel; components/header-panel-content.tsx#AccountPanel; components/app-shell.tsx#SheetLink; components/app-shell.tsx#ShellRegistration; components/app-shell.tsx#ShellConfiguration; components/ui.tsx#SectionTitle; components/entity-files.tsx#EntityFiles; components/binso-ux.tsx#DetailTabs; components/binso-ux.tsx#FilterSheet; components/binso-ux.tsx#SheetProps; components/binso-ux.tsx#Sheet; components/binso-ux.tsx#sheetValues; components/ui.tsx#Field; components/ui.tsx#Select; components/ui.tsx#Textarea; components/ui.tsx#Checkbox; components/ui.tsx#DateInput; components/ui.tsx#TimeInput; components/ui.tsx#CurrencyInput; components/ui.tsx#FormLabel; components/ui.tsx#FormError; components/binso-ux.tsx#ActionSheet; components/binso-ux.tsx#FormSheet; components/ui.tsx#Toast,ux-inventory.json: renderGraph/cssRules; CSSOM-Nachweis separat,Statisch inventarisiert; keine pauschale Abnahme
/produkt,app/produkt/page.tsx,PublicPage,app/layout.tsx → app/produkt/layout.tsx,components/marketing.tsx#MarketingHeader; components/ui.tsx#Logo; components/ui.tsx#Button; components/ui.tsx#Icon; components/marketing.tsx#ProductPreview; components/marketing.tsx#MarketingFooter; components/privacy-consent.tsx#PrivacySettingsButton,ux-inventory.json: renderGraph/cssRules; CSSOM-Nachweis separat,Statisch inventarisiert; keine pauschale Abnahme
/produkte/[id],app/produkte/[id]/page.tsx,DetailPage,app/layout.tsx → app/produkte/layout.tsx,components/pages/products.tsx#ProductForm; components/use-dirty-snapshot.ts#useDirtySnapshot; components/app-shell.tsx#AppShell; components/app-shell.tsx#ShellProps; components/app-shell.tsx#AppShellFrame; components/app-shell.tsx#accessFromSession; components/use-browser-back-guard.ts#useBrowserBackGuard; components/use-browser-back-guard.ts#DraftGuard; components/use-browser-back-guard.ts#guards; components/use-browser-back-guard.ts#boundary; components/use-browser-back-guard.ts#armBoundary; components/use-dialog-focus.ts#useDialogFocus; components/use-dialog-focus.ts#modalStack; components/use-dialog-focus.ts#savedOverflow; components/use-dialog-focus.ts#savedRootOverflow; components/use-dialog-focus.ts#savedScrollX; components/use-dialog-focus.ts#savedScrollY; components/app-shell.tsx#NotificationItem; components/header-panel-content.tsx#PanelNotification; components/use-dialog-focus.ts#hasBlockingModal; components/use-browser-back-guard.ts#allowDraftNavigation; components/app-start.tsx#AppStart; components/confirm-dialog.tsx#ConfirmDialog; components/ui.tsx#Icon; components/ui.tsx#Button; components/ui.tsx#Logo; components/app-shell.tsx#desktopNavGroups; components/app-shell.tsx#desktopNav; components/ui.tsx#IconButton; components/avatar.tsx#Avatar; components/avatar.tsx#avatarIdentity; components/ui.tsx#Status; components/binso-ux.tsx#DetailHeading; components/binso-ux.tsx#PageHeading; components/ui.tsx#EmptyState; components/header-panel.tsx#HeaderPanel; components/header-panel.tsx#HeaderPanelKind; components/header-panel-content.tsx#SearchPanel; components/header-panel-content.tsx#PanelLink; components/ui.tsx#LoadingState; components/ui.tsx#ErrorState; components/header-panel-content.tsx#NotificationPanel; components/header-panel-content.tsx#AccountPanel; components/app-shell.tsx#SheetLink; components/app-shell.tsx#ShellRegistration; components/app-shell.tsx#ShellConfiguration; components/binso-ux.tsx#ActionsMenu; components/binso-ux.tsx#RowActions; components/binso-ux.tsx#ActionSheet; components/binso-ux.tsx#SheetProps; components/binso-ux.tsx#Sheet; components/binso-ux.tsx#sheetValues; components/binso-ux.tsx#ActionRow; components/ui.tsx#Field; components/ui.tsx#Input; components/ui.tsx#Select; components/ui.tsx#Textarea; components/ui.tsx#Checkbox; components/ui.tsx#DateInput; components/ui.tsx#TimeInput; components/ui.tsx#CurrencyInput; components/ui.tsx#FormLabel; components/ui.tsx#FormError; components/ui.tsx#FormActions; components/ui.tsx#Toast,ux-inventory.json: renderGraph/cssRules; CSSOM-Nachweis separat,Statisch inventarisiert; keine pauschale Abnahme
/produkte/neu,app/produkte/neu/page.tsx,CreatePage,app/layout.tsx → app/produkte/layout.tsx,components/pages/products.tsx#ProductForm; components/use-dirty-snapshot.ts#useDirtySnapshot; components/app-shell.tsx#AppShell; components/app-shell.tsx#ShellProps; components/app-shell.tsx#AppShellFrame; components/app-shell.tsx#accessFromSession; components/use-browser-back-guard.ts#useBrowserBackGuard; components/use-browser-back-guard.ts#DraftGuard; components/use-browser-back-guard.ts#guards; components/use-browser-back-guard.ts#boundary; components/use-browser-back-guard.ts#armBoundary; components/use-dialog-focus.ts#useDialogFocus; components/use-dialog-focus.ts#modalStack; components/use-dialog-focus.ts#savedOverflow; components/use-dialog-focus.ts#savedRootOverflow; components/use-dialog-focus.ts#savedScrollX; components/use-dialog-focus.ts#savedScrollY; components/app-shell.tsx#NotificationItem; components/header-panel-content.tsx#PanelNotification; components/use-dialog-focus.ts#hasBlockingModal; components/use-browser-back-guard.ts#allowDraftNavigation; components/app-start.tsx#AppStart; components/confirm-dialog.tsx#ConfirmDialog; components/ui.tsx#Icon; components/ui.tsx#Button; components/ui.tsx#Logo; components/app-shell.tsx#desktopNavGroups; components/app-shell.tsx#desktopNav; components/ui.tsx#IconButton; components/avatar.tsx#Avatar; components/avatar.tsx#avatarIdentity; components/ui.tsx#Status; components/binso-ux.tsx#DetailHeading; components/binso-ux.tsx#PageHeading; components/ui.tsx#EmptyState; components/header-panel.tsx#HeaderPanel; components/header-panel.tsx#HeaderPanelKind; components/header-panel-content.tsx#SearchPanel; components/header-panel-content.tsx#PanelLink; components/ui.tsx#LoadingState; components/ui.tsx#ErrorState; components/header-panel-content.tsx#NotificationPanel; components/header-panel-content.tsx#AccountPanel; components/app-shell.tsx#SheetLink; components/app-shell.tsx#ShellRegistration; components/app-shell.tsx#ShellConfiguration; components/binso-ux.tsx#ActionsMenu; components/binso-ux.tsx#RowActions; components/binso-ux.tsx#ActionSheet; components/binso-ux.tsx#SheetProps; components/binso-ux.tsx#Sheet; components/binso-ux.tsx#sheetValues; components/binso-ux.tsx#ActionRow; components/ui.tsx#Field; components/ui.tsx#Input; components/ui.tsx#Select; components/ui.tsx#Textarea; components/ui.tsx#Checkbox; components/ui.tsx#DateInput; components/ui.tsx#TimeInput; components/ui.tsx#CurrencyInput; components/ui.tsx#FormLabel; components/ui.tsx#FormError; components/ui.tsx#FormActions; components/ui.tsx#Toast,ux-inventory.json: renderGraph/cssRules; CSSOM-Nachweis separat,Statisch inventarisiert; keine pauschale Abnahme
/produkte,app/produkte/page.tsx,ListPage,app/layout.tsx → app/produkte/layout.tsx,components/pages/products.tsx#ProductsPage; components/pages/shared.tsx#useDemoRows; components/pages/shared.tsx#mapRemoteRows; components/pages/shared.tsx#moneyChf; components/pages/shared.tsx#swissDate; components/pages/shared.tsx#paymentMethodLabel; components/app-shell.tsx#AppShell; components/app-shell.tsx#ShellProps; components/app-shell.tsx#AppShellFrame; components/app-shell.tsx#accessFromSession; components/use-browser-back-guard.ts#useBrowserBackGuard; components/use-browser-back-guard.ts#DraftGuard; components/use-browser-back-guard.ts#guards; components/use-browser-back-guard.ts#boundary; components/use-browser-back-guard.ts#armBoundary; components/use-dialog-focus.ts#useDialogFocus; components/use-dialog-focus.ts#modalStack; components/use-dialog-focus.ts#savedOverflow; components/use-dialog-focus.ts#savedRootOverflow; components/use-dialog-focus.ts#savedScrollX; components/use-dialog-focus.ts#savedScrollY; components/app-shell.tsx#NotificationItem; components/header-panel-content.tsx#PanelNotification; components/use-dialog-focus.ts#hasBlockingModal; components/use-browser-back-guard.ts#allowDraftNavigation; components/app-start.tsx#AppStart; components/confirm-dialog.tsx#ConfirmDialog; components/ui.tsx#Icon; components/ui.tsx#Button; components/ui.tsx#Logo; components/app-shell.tsx#desktopNavGroups; components/app-shell.tsx#desktopNav; components/ui.tsx#IconButton; components/avatar.tsx#Avatar; components/avatar.tsx#avatarIdentity; components/ui.tsx#Status; components/binso-ux.tsx#DetailHeading; components/binso-ux.tsx#PageHeading; components/ui.tsx#EmptyState; components/header-panel.tsx#HeaderPanel; components/header-panel.tsx#HeaderPanelKind; components/header-panel-content.tsx#SearchPanel; components/header-panel-content.tsx#PanelLink; components/ui.tsx#LoadingState; components/ui.tsx#ErrorState; components/header-panel-content.tsx#NotificationPanel; components/header-panel-content.tsx#AccountPanel; components/app-shell.tsx#SheetLink; components/app-shell.tsx#ShellRegistration; components/app-shell.tsx#ShellConfiguration; components/binso-ux.tsx#CreateAction; components/records.tsx#RecordsView; components/binso-ux.tsx#ListSearch; components/records.tsx#DataTable; components/records.tsx#DataTableHead; components/records.tsx#tableCells; components/records.tsx#tone; components/records.tsx#DataTableRow; components/records.tsx#RecordRow; components/binso-ux.tsx#ListRow,ux-inventory.json: renderGraph/cssRules; CSSOM-Nachweis separat,Statisch inventarisiert; keine pauschale Abnahme
/projekte/neu,app/projekte/neu/page.tsx,CreatePage,app/layout.tsx → app/projekte/layout.tsx,components/project-form.tsx#ProjectForm; components/use-dirty-snapshot.ts#useDirtySnapshot; components/app-shell.tsx#AppShell; components/app-shell.tsx#ShellProps; components/app-shell.tsx#AppShellFrame; components/app-shell.tsx#accessFromSession; components/use-browser-back-guard.ts#useBrowserBackGuard; components/use-browser-back-guard.ts#DraftGuard; components/use-browser-back-guard.ts#guards; components/use-browser-back-guard.ts#boundary; components/use-browser-back-guard.ts#armBoundary; components/use-dialog-focus.ts#useDialogFocus; components/use-dialog-focus.ts#modalStack; components/use-dialog-focus.ts#savedOverflow; components/use-dialog-focus.ts#savedRootOverflow; components/use-dialog-focus.ts#savedScrollX; components/use-dialog-focus.ts#savedScrollY; components/app-shell.tsx#NotificationItem; components/header-panel-content.tsx#PanelNotification; components/use-dialog-focus.ts#hasBlockingModal; components/use-browser-back-guard.ts#allowDraftNavigation; components/app-start.tsx#AppStart; components/confirm-dialog.tsx#ConfirmDialog; components/ui.tsx#Icon; components/ui.tsx#Button; components/ui.tsx#Logo; components/app-shell.tsx#desktopNavGroups; components/app-shell.tsx#desktopNav; components/ui.tsx#IconButton; components/avatar.tsx#Avatar; components/avatar.tsx#avatarIdentity; components/ui.tsx#Status; components/binso-ux.tsx#DetailHeading; components/binso-ux.tsx#PageHeading; components/ui.tsx#EmptyState; components/header-panel.tsx#HeaderPanel; components/header-panel.tsx#HeaderPanelKind; components/header-panel-content.tsx#SearchPanel; components/header-panel-content.tsx#PanelLink; components/ui.tsx#LoadingState; components/ui.tsx#ErrorState; components/header-panel-content.tsx#NotificationPanel; components/header-panel-content.tsx#AccountPanel; components/app-shell.tsx#SheetLink; components/app-shell.tsx#ShellRegistration; components/app-shell.tsx#ShellConfiguration; components/ui.tsx#Field; components/ui.tsx#Input; components/ui.tsx#Select; components/ui.tsx#Textarea; components/ui.tsx#Checkbox; components/ui.tsx#DateInput; components/ui.tsx#TimeInput; components/ui.tsx#CurrencyInput; components/ui.tsx#FormLabel; components/ui.tsx#FormError; components/ui.tsx#FormActions,ux-inventory.json: renderGraph/cssRules; CSSOM-Nachweis separat,Statisch inventarisiert; keine pauschale Abnahme
/rechnungen/[id],app/rechnungen/[id]/page.tsx,DetailPage,app/layout.tsx → app/rechnungen/layout.tsx,components/documents.tsx#InvoiceEditor; components/documents.tsx#DocumentPage; components/documents.tsx#DocumentKind; components/documents.tsx#useDocumentDraft; components/documents.tsx#DocumentDraft; components/documents.tsx#LineItem; components/documents.tsx#createInitialDraft; components/documents.tsx#useCustomerDirectory; components/documents.tsx#useDocumentCompany; components/documents.tsx#useExistingDocument; components/documents.tsx#remoteDraftFromItem; components/documents.tsx#dateOnly; components/use-process-draft.ts#useProcessDraft; components/documents.tsx#editableDocumentSnapshot; components/documents.tsx#documentPayload; components/documents.tsx#invoiceDueIso; components/documents.tsx#numberValue; components/documents.tsx#documentPresentation; components/documents.tsx#invoiceDueDate; components/documents.tsx#useDocumentTotals; components/ui.tsx#IconButton; components/ui.tsx#Icon; components/app-shell.tsx#AppShell; components/app-shell.tsx#ShellProps; components/app-shell.tsx#AppShellFrame; components/app-shell.tsx#accessFromSession; components/use-browser-back-guard.ts#useBrowserBackGuard; components/use-browser-back-guard.ts#DraftGuard; components/use-browser-back-guard.ts#guards; components/use-browser-back-guard.ts#boundary; components/use-browser-back-guard.ts#armBoundary; components/use-dialog-focus.ts#useDialogFocus; components/use-dialog-focus.ts#modalStack; components/use-dialog-focus.ts#savedOverflow; components/use-dialog-focus.ts#savedRootOverflow; components/use-dialog-focus.ts#savedScrollX; components/use-dialog-focus.ts#savedScrollY; components/app-shell.tsx#NotificationItem; components/header-panel-content.tsx#PanelNotification; components/use-dialog-focus.ts#hasBlockingModal; components/use-browser-back-guard.ts#allowDraftNavigation; components/app-start.tsx#AppStart; components/confirm-dialog.tsx#ConfirmDialog; components/ui.tsx#Button; components/ui.tsx#Logo; components/app-shell.tsx#desktopNavGroups; components/app-shell.tsx#desktopNav; components/avatar.tsx#Avatar; components/avatar.tsx#avatarIdentity; components/ui.tsx#Status; components/binso-ux.tsx#DetailHeading; components/binso-ux.tsx#PageHeading; components/ui.tsx#EmptyState; components/header-panel.tsx#HeaderPanel; components/header-panel.tsx#HeaderPanelKind; components/header-panel-content.tsx#SearchPanel; components/header-panel-content.tsx#PanelLink; components/ui.tsx#LoadingState; components/ui.tsx#ErrorState; components/header-panel-content.tsx#NotificationPanel; components/header-panel-content.tsx#AccountPanel; components/app-shell.tsx#SheetLink; components/app-shell.tsx#ShellRegistration; components/app-shell.tsx#ShellConfiguration; components/documents.tsx#DocumentReadView; components/documents.tsx#isoToSwiss; components/documents.tsx#money; components/entity-files.tsx#EntityFiles; components/ui.tsx#SectionTitle; components/ui.tsx#Input; components/records.tsx#RecordRow; components/binso-ux.tsx#ListRow; components/records.tsx#tone; components/form-wizard.tsx#FormWizard; components/ui.tsx#FormActions; components/documents.tsx#DocumentEditor; components/ui.tsx#Field; components/ui.tsx#Select; components/ui.tsx#Textarea; components/ui.tsx#Checkbox; components/ui.tsx#DateInput; components/ui.tsx#TimeInput; components/ui.tsx#CurrencyInput; components/ui.tsx#FormLabel; components/ui.tsx#FormError; components/binso-ux.tsx#FormSheet; components/binso-ux.tsx#SheetProps; components/binso-ux.tsx#Sheet; components/binso-ux.tsx#sheetValues; components/documents.tsx#DocumentModal; components/pdf-preview.tsx#DocumentPageViewer; components/pdf-preview.tsx#DocumentPages; components/pdf-preview.tsx#PdfPage; components/binso-ux.tsx#ActionSheet; components/binso-ux.tsx#ActionRow; components/ui.tsx#Toast,ux-inventory.json: renderGraph/cssRules; CSSOM-Nachweis separat,Statisch inventarisiert; keine pauschale Abnahme
/rechnungen/neu,app/rechnungen/neu/page.tsx,CreatePage,app/layout.tsx → app/rechnungen/layout.tsx,components/documents.tsx#InvoiceEditor; components/documents.tsx#DocumentPage; components/documents.tsx#DocumentKind; components/documents.tsx#useDocumentDraft; components/documents.tsx#DocumentDraft; components/documents.tsx#LineItem; components/documents.tsx#createInitialDraft; components/documents.tsx#useCustomerDirectory; components/documents.tsx#useDocumentCompany; components/documents.tsx#useExistingDocument; components/documents.tsx#remoteDraftFromItem; components/documents.tsx#dateOnly; components/use-process-draft.ts#useProcessDraft; components/documents.tsx#editableDocumentSnapshot; components/documents.tsx#documentPayload; components/documents.tsx#invoiceDueIso; components/documents.tsx#numberValue; components/documents.tsx#documentPresentation; components/documents.tsx#invoiceDueDate; components/documents.tsx#useDocumentTotals; components/ui.tsx#IconButton; components/ui.tsx#Icon; components/app-shell.tsx#AppShell; components/app-shell.tsx#ShellProps; components/app-shell.tsx#AppShellFrame; components/app-shell.tsx#accessFromSession; components/use-browser-back-guard.ts#useBrowserBackGuard; components/use-browser-back-guard.ts#DraftGuard; components/use-browser-back-guard.ts#guards; components/use-browser-back-guard.ts#boundary; components/use-browser-back-guard.ts#armBoundary; components/use-dialog-focus.ts#useDialogFocus; components/use-dialog-focus.ts#modalStack; components/use-dialog-focus.ts#savedOverflow; components/use-dialog-focus.ts#savedRootOverflow; components/use-dialog-focus.ts#savedScrollX; components/use-dialog-focus.ts#savedScrollY; components/app-shell.tsx#NotificationItem; components/header-panel-content.tsx#PanelNotification; components/use-dialog-focus.ts#hasBlockingModal; components/use-browser-back-guard.ts#allowDraftNavigation; components/app-start.tsx#AppStart; components/confirm-dialog.tsx#ConfirmDialog; components/ui.tsx#Button; components/ui.tsx#Logo; components/app-shell.tsx#desktopNavGroups; components/app-shell.tsx#desktopNav; components/avatar.tsx#Avatar; components/avatar.tsx#avatarIdentity; components/ui.tsx#Status; components/binso-ux.tsx#DetailHeading; components/binso-ux.tsx#PageHeading; components/ui.tsx#EmptyState; components/header-panel.tsx#HeaderPanel; components/header-panel.tsx#HeaderPanelKind; components/header-panel-content.tsx#SearchPanel; components/header-panel-content.tsx#PanelLink; components/ui.tsx#LoadingState; components/ui.tsx#ErrorState; components/header-panel-content.tsx#NotificationPanel; components/header-panel-content.tsx#AccountPanel; components/app-shell.tsx#SheetLink; components/app-shell.tsx#ShellRegistration; components/app-shell.tsx#ShellConfiguration; components/documents.tsx#DocumentReadView; components/documents.tsx#isoToSwiss; components/documents.tsx#money; components/entity-files.tsx#EntityFiles; components/ui.tsx#SectionTitle; components/ui.tsx#Input; components/records.tsx#RecordRow; components/binso-ux.tsx#ListRow; components/records.tsx#tone; components/form-wizard.tsx#FormWizard; components/ui.tsx#FormActions; components/documents.tsx#DocumentEditor; components/ui.tsx#Field; components/ui.tsx#Select; components/ui.tsx#Textarea; components/ui.tsx#Checkbox; components/ui.tsx#DateInput; components/ui.tsx#TimeInput; components/ui.tsx#CurrencyInput; components/ui.tsx#FormLabel; components/ui.tsx#FormError; components/binso-ux.tsx#FormSheet; components/binso-ux.tsx#SheetProps; components/binso-ux.tsx#Sheet; components/binso-ux.tsx#sheetValues; components/documents.tsx#DocumentModal; components/pdf-preview.tsx#DocumentPageViewer; components/pdf-preview.tsx#DocumentPages; components/pdf-preview.tsx#PdfPage; components/binso-ux.tsx#ActionSheet; components/binso-ux.tsx#ActionRow; components/ui.tsx#Toast,ux-inventory.json: renderGraph/cssRules; CSSOM-Nachweis separat,Statisch inventarisiert; keine pauschale Abnahme
/rechnungen,app/rechnungen/page.tsx,ListPage,app/layout.tsx → app/rechnungen/layout.tsx,components/pages/finance.tsx#InvoicesPage; components/pages/finance.tsx#FinancialDocumentsPage; components/document-list.tsx#DocumentListItem; components/app-shell.tsx#AppShell; components/app-shell.tsx#ShellProps; components/app-shell.tsx#AppShellFrame; components/app-shell.tsx#accessFromSession; components/use-browser-back-guard.ts#useBrowserBackGuard; components/use-browser-back-guard.ts#DraftGuard; components/use-browser-back-guard.ts#guards; components/use-browser-back-guard.ts#boundary; components/use-browser-back-guard.ts#armBoundary; components/use-dialog-focus.ts#useDialogFocus; components/use-dialog-focus.ts#modalStack; components/use-dialog-focus.ts#savedOverflow; components/use-dialog-focus.ts#savedRootOverflow; components/use-dialog-focus.ts#savedScrollX; components/use-dialog-focus.ts#savedScrollY; components/app-shell.tsx#NotificationItem; components/header-panel-content.tsx#PanelNotification; components/use-dialog-focus.ts#hasBlockingModal; components/use-browser-back-guard.ts#allowDraftNavigation; components/app-start.tsx#AppStart; components/confirm-dialog.tsx#ConfirmDialog; components/ui.tsx#Icon; components/ui.tsx#Button; components/ui.tsx#Logo; components/app-shell.tsx#desktopNavGroups; components/app-shell.tsx#desktopNav; components/ui.tsx#IconButton; components/avatar.tsx#Avatar; components/avatar.tsx#avatarIdentity; components/ui.tsx#Status; components/binso-ux.tsx#DetailHeading; components/binso-ux.tsx#PageHeading; components/ui.tsx#EmptyState; components/header-panel.tsx#HeaderPanel; components/header-panel.tsx#HeaderPanelKind; components/header-panel-content.tsx#SearchPanel; components/header-panel-content.tsx#PanelLink; components/ui.tsx#LoadingState; components/ui.tsx#ErrorState; components/header-panel-content.tsx#NotificationPanel; components/header-panel-content.tsx#AccountPanel; components/app-shell.tsx#SheetLink; components/app-shell.tsx#ShellRegistration; components/app-shell.tsx#ShellConfiguration; components/binso-ux.tsx#CreateAction; components/document-list.tsx#FinanceTabs; components/binso-ux.tsx#DetailTabs; components/document-list.tsx#DocumentList; components/records.tsx#RecordsView; components/binso-ux.tsx#ListSearch; components/records.tsx#DataTable; components/records.tsx#DataTableHead; components/records.tsx#tableCells; components/records.tsx#tone; components/records.tsx#DataTableRow; components/document-list.tsx#DocumentSummaryRow; components/document-list.tsx#FinancialSummaryRow; components/binso-ux.tsx#ListRow,ux-inventory.json: renderGraph/cssRules; CSSOM-Nachweis separat,Statisch inventarisiert; keine pauschale Abnahme
/registrieren,app/registrieren/page.tsx,AuthenticationPage,app/layout.tsx,components/use-browser-back-guard.ts#useBrowserBackGuard; components/use-browser-back-guard.ts#DraftGuard; components/use-browser-back-guard.ts#guards; components/use-browser-back-guard.ts#boundary; components/use-browser-back-guard.ts#armBoundary; components/use-browser-back-guard.ts#allowDraftNavigation; components/ui.tsx#Logo; components/ui.tsx#Field; components/ui.tsx#Input; components/ui.tsx#Select; components/ui.tsx#Textarea; components/ui.tsx#Checkbox; components/ui.tsx#DateInput; components/ui.tsx#TimeInput; components/ui.tsx#CurrencyInput; components/ui.tsx#FormLabel; components/ui.tsx#FormError; components/ui.tsx#ErrorState; components/ui.tsx#Button; components/ui.tsx#Icon; components/confirm-dialog.tsx#ConfirmDialog; components/use-dialog-focus.ts#useDialogFocus; components/use-dialog-focus.ts#modalStack; components/use-dialog-focus.ts#savedOverflow; components/use-dialog-focus.ts#savedRootOverflow; components/use-dialog-focus.ts#savedScrollX; components/use-dialog-focus.ts#savedScrollY,ux-inventory.json: renderGraph/cssRules; CSSOM-Nachweis separat,Statisch inventarisiert; keine pauschale Abnahme
/spesen/[id],app/spesen/[id]/page.tsx,DetailPage,app/layout.tsx → app/spesen/layout.tsx,components/pages/expenses.tsx#ExpenseForm; components/app-shell.tsx#AppShell; components/app-shell.tsx#ShellProps; components/app-shell.tsx#AppShellFrame; components/app-shell.tsx#accessFromSession; components/use-browser-back-guard.ts#useBrowserBackGuard; components/use-browser-back-guard.ts#DraftGuard; components/use-browser-back-guard.ts#guards; components/use-browser-back-guard.ts#boundary; components/use-browser-back-guard.ts#armBoundary; components/use-dialog-focus.ts#useDialogFocus; components/use-dialog-focus.ts#modalStack; components/use-dialog-focus.ts#savedOverflow; components/use-dialog-focus.ts#savedRootOverflow; components/use-dialog-focus.ts#savedScrollX; components/use-dialog-focus.ts#savedScrollY; components/app-shell.tsx#NotificationItem; components/header-panel-content.tsx#PanelNotification; components/use-dialog-focus.ts#hasBlockingModal; components/use-browser-back-guard.ts#allowDraftNavigation; components/app-start.tsx#AppStart; components/confirm-dialog.tsx#ConfirmDialog; components/ui.tsx#Icon; components/ui.tsx#Button; components/ui.tsx#Logo; components/app-shell.tsx#desktopNavGroups; components/app-shell.tsx#desktopNav; components/ui.tsx#IconButton; components/avatar.tsx#Avatar; components/avatar.tsx#avatarIdentity; components/ui.tsx#Status; components/binso-ux.tsx#DetailHeading; components/binso-ux.tsx#PageHeading; components/ui.tsx#EmptyState; components/header-panel.tsx#HeaderPanel; components/header-panel.tsx#HeaderPanelKind; components/header-panel-content.tsx#SearchPanel; components/header-panel-content.tsx#PanelLink; components/ui.tsx#LoadingState; components/ui.tsx#ErrorState; components/header-panel-content.tsx#NotificationPanel; components/header-panel-content.tsx#AccountPanel; components/app-shell.tsx#SheetLink; components/app-shell.tsx#ShellRegistration; components/app-shell.tsx#ShellConfiguration; components/ui.tsx#Input; components/ui.tsx#Field; components/ui.tsx#Select; components/ui.tsx#Textarea; components/ui.tsx#Checkbox; components/ui.tsx#DateInput; components/ui.tsx#TimeInput; components/ui.tsx#CurrencyInput; components/ui.tsx#FormLabel; components/ui.tsx#FormError; components/ui.tsx#FormActions; components/binso-ux.tsx#FormSheet; components/binso-ux.tsx#SheetProps; components/binso-ux.tsx#Sheet; components/binso-ux.tsx#sheetValues; components/ui.tsx#Toast,ux-inventory.json: renderGraph/cssRules; CSSOM-Nachweis separat,Statisch inventarisiert; keine pauschale Abnahme
/spesen/neu,app/spesen/neu/page.tsx,CreatePage,app/layout.tsx → app/spesen/layout.tsx,components/pages/expenses.tsx#ExpenseForm; components/app-shell.tsx#AppShell; components/app-shell.tsx#ShellProps; components/app-shell.tsx#AppShellFrame; components/app-shell.tsx#accessFromSession; components/use-browser-back-guard.ts#useBrowserBackGuard; components/use-browser-back-guard.ts#DraftGuard; components/use-browser-back-guard.ts#guards; components/use-browser-back-guard.ts#boundary; components/use-browser-back-guard.ts#armBoundary; components/use-dialog-focus.ts#useDialogFocus; components/use-dialog-focus.ts#modalStack; components/use-dialog-focus.ts#savedOverflow; components/use-dialog-focus.ts#savedRootOverflow; components/use-dialog-focus.ts#savedScrollX; components/use-dialog-focus.ts#savedScrollY; components/app-shell.tsx#NotificationItem; components/header-panel-content.tsx#PanelNotification; components/use-dialog-focus.ts#hasBlockingModal; components/use-browser-back-guard.ts#allowDraftNavigation; components/app-start.tsx#AppStart; components/confirm-dialog.tsx#ConfirmDialog; components/ui.tsx#Icon; components/ui.tsx#Button; components/ui.tsx#Logo; components/app-shell.tsx#desktopNavGroups; components/app-shell.tsx#desktopNav; components/ui.tsx#IconButton; components/avatar.tsx#Avatar; components/avatar.tsx#avatarIdentity; components/ui.tsx#Status; components/binso-ux.tsx#DetailHeading; components/binso-ux.tsx#PageHeading; components/ui.tsx#EmptyState; components/header-panel.tsx#HeaderPanel; components/header-panel.tsx#HeaderPanelKind; components/header-panel-content.tsx#SearchPanel; components/header-panel-content.tsx#PanelLink; components/ui.tsx#LoadingState; components/ui.tsx#ErrorState; components/header-panel-content.tsx#NotificationPanel; components/header-panel-content.tsx#AccountPanel; components/app-shell.tsx#SheetLink; components/app-shell.tsx#ShellRegistration; components/app-shell.tsx#ShellConfiguration; components/ui.tsx#Input; components/ui.tsx#Field; components/ui.tsx#Select; components/ui.tsx#Textarea; components/ui.tsx#Checkbox; components/ui.tsx#DateInput; components/ui.tsx#TimeInput; components/ui.tsx#CurrencyInput; components/ui.tsx#FormLabel; components/ui.tsx#FormError; components/ui.tsx#FormActions; components/binso-ux.tsx#FormSheet; components/binso-ux.tsx#SheetProps; components/binso-ux.tsx#Sheet; components/binso-ux.tsx#sheetValues; components/ui.tsx#Toast,ux-inventory.json: renderGraph/cssRules; CSSOM-Nachweis separat,Statisch inventarisiert; keine pauschale Abnahme
/spesen,app/spesen/page.tsx,ListPage,app/layout.tsx → app/spesen/layout.tsx,components/pages/expenses.tsx#ExpensesPage; components/pages/shared.tsx#useDemoRows; components/pages/shared.tsx#mapRemoteRows; components/pages/shared.tsx#moneyChf; components/pages/shared.tsx#swissDate; components/pages/shared.tsx#paymentMethodLabel; components/app-shell.tsx#AppShell; components/app-shell.tsx#ShellProps; components/app-shell.tsx#AppShellFrame; components/app-shell.tsx#accessFromSession; components/use-browser-back-guard.ts#useBrowserBackGuard; components/use-browser-back-guard.ts#DraftGuard; components/use-browser-back-guard.ts#guards; components/use-browser-back-guard.ts#boundary; components/use-browser-back-guard.ts#armBoundary; components/use-dialog-focus.ts#useDialogFocus; components/use-dialog-focus.ts#modalStack; components/use-dialog-focus.ts#savedOverflow; components/use-dialog-focus.ts#savedRootOverflow; components/use-dialog-focus.ts#savedScrollX; components/use-dialog-focus.ts#savedScrollY; components/app-shell.tsx#NotificationItem; components/header-panel-content.tsx#PanelNotification; components/use-dialog-focus.ts#hasBlockingModal; components/use-browser-back-guard.ts#allowDraftNavigation; components/app-start.tsx#AppStart; components/confirm-dialog.tsx#ConfirmDialog; components/ui.tsx#Icon; components/ui.tsx#Button; components/ui.tsx#Logo; components/app-shell.tsx#desktopNavGroups; components/app-shell.tsx#desktopNav; components/ui.tsx#IconButton; components/avatar.tsx#Avatar; components/avatar.tsx#avatarIdentity; components/ui.tsx#Status; components/binso-ux.tsx#DetailHeading; components/binso-ux.tsx#PageHeading; components/ui.tsx#EmptyState; components/header-panel.tsx#HeaderPanel; components/header-panel.tsx#HeaderPanelKind; components/header-panel-content.tsx#SearchPanel; components/header-panel-content.tsx#PanelLink; components/ui.tsx#LoadingState; components/ui.tsx#ErrorState; components/header-panel-content.tsx#NotificationPanel; components/header-panel-content.tsx#AccountPanel; components/app-shell.tsx#SheetLink; components/app-shell.tsx#ShellRegistration; components/app-shell.tsx#ShellConfiguration; components/binso-ux.tsx#CreateAction; components/records.tsx#RecordsView; components/binso-ux.tsx#ListSearch; components/records.tsx#DataTable; components/records.tsx#DataTableHead; components/records.tsx#tableCells; components/records.tsx#tone; components/records.tsx#DataTableRow; components/records.tsx#RecordRow; components/binso-ux.tsx#ListRow,ux-inventory.json: renderGraph/cssRules; CSSOM-Nachweis separat,Statisch inventarisiert; keine pauschale Abnahme
/support/[id],app/support/[id]/page.tsx,ChatPage,app/layout.tsx → app/support/layout.tsx,components/pages/support.tsx#SupportChat; components/use-workspace-viewport.ts#useWorkspaceViewport; components/pages/support.tsx#supportReference; components/app-shell.tsx#AppShell; components/app-shell.tsx#ShellProps; components/app-shell.tsx#AppShellFrame; components/app-shell.tsx#accessFromSession; components/use-browser-back-guard.ts#useBrowserBackGuard; components/use-browser-back-guard.ts#DraftGuard; components/use-browser-back-guard.ts#guards; components/use-browser-back-guard.ts#boundary; components/use-browser-back-guard.ts#armBoundary; components/use-dialog-focus.ts#useDialogFocus; components/use-dialog-focus.ts#modalStack; components/use-dialog-focus.ts#savedOverflow; components/use-dialog-focus.ts#savedRootOverflow; components/use-dialog-focus.ts#savedScrollX; components/use-dialog-focus.ts#savedScrollY; components/app-shell.tsx#NotificationItem; components/header-panel-content.tsx#PanelNotification; components/use-dialog-focus.ts#hasBlockingModal; components/use-browser-back-guard.ts#allowDraftNavigation; components/app-start.tsx#AppStart; components/confirm-dialog.tsx#ConfirmDialog; components/ui.tsx#Icon; components/ui.tsx#Button; components/ui.tsx#Logo; components/app-shell.tsx#desktopNavGroups; components/app-shell.tsx#desktopNav; components/ui.tsx#IconButton; components/avatar.tsx#Avatar; components/avatar.tsx#avatarIdentity; components/ui.tsx#Status; components/binso-ux.tsx#DetailHeading; components/binso-ux.tsx#PageHeading; components/ui.tsx#EmptyState; components/header-panel.tsx#HeaderPanel; components/header-panel.tsx#HeaderPanelKind; components/header-panel-content.tsx#SearchPanel; components/header-panel-content.tsx#PanelLink; components/ui.tsx#LoadingState; components/ui.tsx#ErrorState; components/header-panel-content.tsx#NotificationPanel; components/header-panel-content.tsx#AccountPanel; components/app-shell.tsx#SheetLink; components/app-shell.tsx#ShellRegistration; components/app-shell.tsx#ShellConfiguration; components/binso-ux.tsx#ActionsMenu; components/binso-ux.tsx#RowActions; components/binso-ux.tsx#ActionSheet; components/binso-ux.tsx#SheetProps; components/binso-ux.tsx#Sheet; components/binso-ux.tsx#sheetValues; components/binso-ux.tsx#ActionRow; components/ui.tsx#MessageBubble; components/ui.tsx#Input; components/ui.tsx#Toast,ux-inventory.json: renderGraph/cssRules; CSSOM-Nachweis separat,Statisch inventarisiert; keine pauschale Abnahme
/support/neu,app/support/neu/page.tsx,CreatePage,app/layout.tsx → app/support/layout.tsx,components/pages/support.tsx#SupportTicketForm; components/app-shell.tsx#AppShell; components/app-shell.tsx#ShellProps; components/app-shell.tsx#AppShellFrame; components/app-shell.tsx#accessFromSession; components/use-browser-back-guard.ts#useBrowserBackGuard; components/use-browser-back-guard.ts#DraftGuard; components/use-browser-back-guard.ts#guards; components/use-browser-back-guard.ts#boundary; components/use-browser-back-guard.ts#armBoundary; components/use-dialog-focus.ts#useDialogFocus; components/use-dialog-focus.ts#modalStack; components/use-dialog-focus.ts#savedOverflow; components/use-dialog-focus.ts#savedRootOverflow; components/use-dialog-focus.ts#savedScrollX; components/use-dialog-focus.ts#savedScrollY; components/app-shell.tsx#NotificationItem; components/header-panel-content.tsx#PanelNotification; components/use-dialog-focus.ts#hasBlockingModal; components/use-browser-back-guard.ts#allowDraftNavigation; components/app-start.tsx#AppStart; components/confirm-dialog.tsx#ConfirmDialog; components/ui.tsx#Icon; components/ui.tsx#Button; components/ui.tsx#Logo; components/app-shell.tsx#desktopNavGroups; components/app-shell.tsx#desktopNav; components/ui.tsx#IconButton; components/avatar.tsx#Avatar; components/avatar.tsx#avatarIdentity; components/ui.tsx#Status; components/binso-ux.tsx#DetailHeading; components/binso-ux.tsx#PageHeading; components/ui.tsx#EmptyState; components/header-panel.tsx#HeaderPanel; components/header-panel.tsx#HeaderPanelKind; components/header-panel-content.tsx#SearchPanel; components/header-panel-content.tsx#PanelLink; components/ui.tsx#LoadingState; components/ui.tsx#ErrorState; components/header-panel-content.tsx#NotificationPanel; components/header-panel-content.tsx#AccountPanel; components/app-shell.tsx#SheetLink; components/app-shell.tsx#ShellRegistration; components/app-shell.tsx#ShellConfiguration; components/ui.tsx#Field; components/ui.tsx#Input; components/ui.tsx#Select; components/ui.tsx#Textarea; components/ui.tsx#Checkbox; components/ui.tsx#DateInput; components/ui.tsx#TimeInput; components/ui.tsx#CurrencyInput; components/ui.tsx#FormLabel; components/ui.tsx#FormError; components/ui.tsx#FormActions; components/ui.tsx#Toast,ux-inventory.json: renderGraph/cssRules; CSSOM-Nachweis separat,Statisch inventarisiert; keine pauschale Abnahme
/support,app/support/page.tsx,ListPage,app/layout.tsx → app/support/layout.tsx,components/pages/support.tsx#SupportPage; components/pages/support.tsx#useSupportRows; components/pages/support.tsx#supportReference; components/app-shell.tsx#AppShell; components/app-shell.tsx#ShellProps; components/app-shell.tsx#AppShellFrame; components/app-shell.tsx#accessFromSession; components/use-browser-back-guard.ts#useBrowserBackGuard; components/use-browser-back-guard.ts#DraftGuard; components/use-browser-back-guard.ts#guards; components/use-browser-back-guard.ts#boundary; components/use-browser-back-guard.ts#armBoundary; components/use-dialog-focus.ts#useDialogFocus; components/use-dialog-focus.ts#modalStack; components/use-dialog-focus.ts#savedOverflow; components/use-dialog-focus.ts#savedRootOverflow; components/use-dialog-focus.ts#savedScrollX; components/use-dialog-focus.ts#savedScrollY; components/app-shell.tsx#NotificationItem; components/header-panel-content.tsx#PanelNotification; components/use-dialog-focus.ts#hasBlockingModal; components/use-browser-back-guard.ts#allowDraftNavigation; components/app-start.tsx#AppStart; components/confirm-dialog.tsx#ConfirmDialog; components/ui.tsx#Icon; components/ui.tsx#Button; components/ui.tsx#Logo; components/app-shell.tsx#desktopNavGroups; components/app-shell.tsx#desktopNav; components/ui.tsx#IconButton; components/avatar.tsx#Avatar; components/avatar.tsx#avatarIdentity; components/ui.tsx#Status; components/binso-ux.tsx#DetailHeading; components/binso-ux.tsx#PageHeading; components/ui.tsx#EmptyState; components/header-panel.tsx#HeaderPanel; components/header-panel.tsx#HeaderPanelKind; components/header-panel-content.tsx#SearchPanel; components/header-panel-content.tsx#PanelLink; components/ui.tsx#LoadingState; components/ui.tsx#ErrorState; components/header-panel-content.tsx#NotificationPanel; components/header-panel-content.tsx#AccountPanel; components/app-shell.tsx#SheetLink; components/app-shell.tsx#ShellRegistration; components/app-shell.tsx#ShellConfiguration; components/binso-ux.tsx#CreateAction; components/binso-ux.tsx#MetricTiles; components/binso-ux.tsx#MetricTile; components/ui.tsx#Metric; components/ui.tsx#FormLabel; components/records.tsx#RecordsView; components/binso-ux.tsx#ListSearch; components/records.tsx#DataTable; components/records.tsx#DataTableHead; components/records.tsx#tableCells; components/records.tsx#tone; components/records.tsx#DataTableRow; components/records.tsx#RecordRow; components/binso-ux.tsx#ListRow,ux-inventory.json: renderGraph/cssRules; CSSOM-Nachweis separat,Statisch inventarisiert; keine pauschale Abnahme
/unterauftragsbearbeiter,app/unterauftragsbearbeiter/page.tsx,LegalPage,app/layout.tsx,components/legal-page.tsx#LegalPage; components/marketing.tsx#MarketingHeader; components/ui.tsx#Logo; components/ui.tsx#Button; components/ui.tsx#Icon; components/marketing.tsx#MarketingFooter; components/privacy-consent.tsx#PrivacySettingsButton,ux-inventory.json: renderGraph/cssRules; CSSOM-Nachweis separat,Statisch inventarisiert; keine pauschale Abnahme
/willkommen,app/willkommen/page.tsx,RedirectPage,app/layout.tsx → app/willkommen/layout.tsx,,ux-inventory.json: renderGraph/cssRules; CSSOM-Nachweis separat,Statisch inventarisiert; keine pauschale Abnahme
/zahlungen/[id],app/zahlungen/[id]/page.tsx,DetailPage,app/layout.tsx → app/zahlungen/layout.tsx,components/pages/payments.tsx#PaymentDetail; components/app-shell.tsx#AppShell; components/app-shell.tsx#ShellProps; components/app-shell.tsx#AppShellFrame; components/app-shell.tsx#accessFromSession; components/use-browser-back-guard.ts#useBrowserBackGuard; components/use-browser-back-guard.ts#DraftGuard; components/use-browser-back-guard.ts#guards; components/use-browser-back-guard.ts#boundary; components/use-browser-back-guard.ts#armBoundary; components/use-dialog-focus.ts#useDialogFocus; components/use-dialog-focus.ts#modalStack; components/use-dialog-focus.ts#savedOverflow; components/use-dialog-focus.ts#savedRootOverflow; components/use-dialog-focus.ts#savedScrollX; components/use-dialog-focus.ts#savedScrollY; components/app-shell.tsx#NotificationItem; components/header-panel-content.tsx#PanelNotification; components/use-dialog-focus.ts#hasBlockingModal; components/use-browser-back-guard.ts#allowDraftNavigation; components/app-start.tsx#AppStart; components/confirm-dialog.tsx#ConfirmDialog; components/ui.tsx#Icon; components/ui.tsx#Button; components/ui.tsx#Logo; components/app-shell.tsx#desktopNavGroups; components/app-shell.tsx#desktopNav; components/ui.tsx#IconButton; components/avatar.tsx#Avatar; components/avatar.tsx#avatarIdentity; components/ui.tsx#Status; components/binso-ux.tsx#DetailHeading; components/binso-ux.tsx#PageHeading; components/ui.tsx#EmptyState; components/header-panel.tsx#HeaderPanel; components/header-panel.tsx#HeaderPanelKind; components/header-panel-content.tsx#SearchPanel; components/header-panel-content.tsx#PanelLink; components/ui.tsx#LoadingState; components/ui.tsx#ErrorState; components/header-panel-content.tsx#NotificationPanel; components/header-panel-content.tsx#AccountPanel; components/app-shell.tsx#SheetLink; components/app-shell.tsx#ShellRegistration; components/app-shell.tsx#ShellConfiguration; components/ui.tsx#AccessLink; components/pages/shared.tsx#swissDate; components/pages/shared.tsx#paymentMethodLabel,ux-inventory.json: renderGraph/cssRules; CSSOM-Nachweis separat,Statisch inventarisiert; keine pauschale Abnahme
/zahlungen/neu,app/zahlungen/neu/page.tsx,CreatePage,app/layout.tsx → app/zahlungen/layout.tsx,components/pages/payments.tsx#PaymentForm; components/app-shell.tsx#AppShell; components/app-shell.tsx#ShellProps; components/app-shell.tsx#AppShellFrame; components/app-shell.tsx#accessFromSession; components/use-browser-back-guard.ts#useBrowserBackGuard; components/use-browser-back-guard.ts#DraftGuard; components/use-browser-back-guard.ts#guards; components/use-browser-back-guard.ts#boundary; components/use-browser-back-guard.ts#armBoundary; components/use-dialog-focus.ts#useDialogFocus; components/use-dialog-focus.ts#modalStack; components/use-dialog-focus.ts#savedOverflow; components/use-dialog-focus.ts#savedRootOverflow; components/use-dialog-focus.ts#savedScrollX; components/use-dialog-focus.ts#savedScrollY; components/app-shell.tsx#NotificationItem; components/header-panel-content.tsx#PanelNotification; components/use-dialog-focus.ts#hasBlockingModal; components/use-browser-back-guard.ts#allowDraftNavigation; components/app-start.tsx#AppStart; components/confirm-dialog.tsx#ConfirmDialog; components/ui.tsx#Icon; components/ui.tsx#Button; components/ui.tsx#Logo; components/app-shell.tsx#desktopNavGroups; components/app-shell.tsx#desktopNav; components/ui.tsx#IconButton; components/avatar.tsx#Avatar; components/avatar.tsx#avatarIdentity; components/ui.tsx#Status; components/binso-ux.tsx#DetailHeading; components/binso-ux.tsx#PageHeading; components/ui.tsx#EmptyState; components/header-panel.tsx#HeaderPanel; components/header-panel.tsx#HeaderPanelKind; components/header-panel-content.tsx#SearchPanel; components/header-panel-content.tsx#PanelLink; components/ui.tsx#LoadingState; components/ui.tsx#ErrorState; components/header-panel-content.tsx#NotificationPanel; components/header-panel-content.tsx#AccountPanel; components/app-shell.tsx#SheetLink; components/app-shell.tsx#ShellRegistration; components/app-shell.tsx#ShellConfiguration; components/ui.tsx#Field; components/ui.tsx#Input; components/ui.tsx#Select; components/ui.tsx#Textarea; components/ui.tsx#Checkbox; components/ui.tsx#DateInput; components/ui.tsx#TimeInput; components/ui.tsx#CurrencyInput; components/ui.tsx#FormLabel; components/ui.tsx#FormError; components/ui.tsx#FormActions; components/ui.tsx#Toast,ux-inventory.json: renderGraph/cssRules; CSSOM-Nachweis separat,Statisch inventarisiert; keine pauschale Abnahme
/zahlungen,app/zahlungen/page.tsx,ListPage,app/layout.tsx → app/zahlungen/layout.tsx,components/pages/payments.tsx#PaymentsPage; components/pages/shared.tsx#useDemoRows; components/pages/shared.tsx#mapRemoteRows; components/pages/shared.tsx#moneyChf; components/pages/shared.tsx#swissDate; components/pages/shared.tsx#paymentMethodLabel; components/app-shell.tsx#AppShell; components/app-shell.tsx#ShellProps; components/app-shell.tsx#AppShellFrame; components/app-shell.tsx#accessFromSession; components/use-browser-back-guard.ts#useBrowserBackGuard; components/use-browser-back-guard.ts#DraftGuard; components/use-browser-back-guard.ts#guards; components/use-browser-back-guard.ts#boundary; components/use-browser-back-guard.ts#armBoundary; components/use-dialog-focus.ts#useDialogFocus; components/use-dialog-focus.ts#modalStack; components/use-dialog-focus.ts#savedOverflow; components/use-dialog-focus.ts#savedRootOverflow; components/use-dialog-focus.ts#savedScrollX; components/use-dialog-focus.ts#savedScrollY; components/app-shell.tsx#NotificationItem; components/header-panel-content.tsx#PanelNotification; components/use-dialog-focus.ts#hasBlockingModal; components/use-browser-back-guard.ts#allowDraftNavigation; components/app-start.tsx#AppStart; components/confirm-dialog.tsx#ConfirmDialog; components/ui.tsx#Icon; components/ui.tsx#Button; components/ui.tsx#Logo; components/app-shell.tsx#desktopNavGroups; components/app-shell.tsx#desktopNav; components/ui.tsx#IconButton; components/avatar.tsx#Avatar; components/avatar.tsx#avatarIdentity; components/ui.tsx#Status; components/binso-ux.tsx#DetailHeading; components/binso-ux.tsx#PageHeading; components/ui.tsx#EmptyState; components/header-panel.tsx#HeaderPanel; components/header-panel.tsx#HeaderPanelKind; components/header-panel-content.tsx#SearchPanel; components/header-panel-content.tsx#PanelLink; components/ui.tsx#LoadingState; components/ui.tsx#ErrorState; components/header-panel-content.tsx#NotificationPanel; components/header-panel-content.tsx#AccountPanel; components/app-shell.tsx#SheetLink; components/app-shell.tsx#ShellRegistration; components/app-shell.tsx#ShellConfiguration; components/binso-ux.tsx#CreateAction; components/document-list.tsx#FinanceTabs; components/binso-ux.tsx#DetailTabs; components/records.tsx#RecordsView; components/binso-ux.tsx#ListSearch; components/records.tsx#DataTable; components/records.tsx#DataTableHead; components/records.tsx#tableCells; components/records.tsx#tone; components/records.tsx#DataTableRow; components/document-list.tsx#FinancialSummaryRow; components/binso-ux.tsx#ListRow,ux-inventory.json: renderGraph/cssRules; CSSOM-Nachweis separat,Statisch inventarisiert; keine pauschale Abnahme
/zeit,app/zeit/page.tsx,AppPage,app/layout.tsx → app/zeit/layout.tsx,components/pages/time.tsx#TimePage; components/records.tsx#TimeEntryRow; components/records.tsx#RecordRow; components/binso-ux.tsx#ListRow; components/ui.tsx#Status; components/avatar.tsx#Avatar; components/avatar.tsx#avatarIdentity; components/ui.tsx#Icon; components/records.tsx#tone; components/ui.tsx#LoadingState; components/ui.tsx#ErrorState; components/ui.tsx#Button; components/pages/shared.tsx#formatMinutes; components/pages/shared.tsx#swissDate; components/ui.tsx#Input; components/ui.tsx#EmptyState; components/app-shell.tsx#AppShell; components/app-shell.tsx#ShellProps; components/app-shell.tsx#AppShellFrame; components/app-shell.tsx#accessFromSession; components/use-browser-back-guard.ts#useBrowserBackGuard; components/use-browser-back-guard.ts#DraftGuard; components/use-browser-back-guard.ts#guards; components/use-browser-back-guard.ts#boundary; components/use-browser-back-guard.ts#armBoundary; components/use-dialog-focus.ts#useDialogFocus; components/use-dialog-focus.ts#modalStack; components/use-dialog-focus.ts#savedOverflow; components/use-dialog-focus.ts#savedRootOverflow; components/use-dialog-focus.ts#savedScrollX; components/use-dialog-focus.ts#savedScrollY; components/app-shell.tsx#NotificationItem; components/header-panel-content.tsx#PanelNotification; components/use-dialog-focus.ts#hasBlockingModal; components/use-browser-back-guard.ts#allowDraftNavigation; components/app-start.tsx#AppStart; components/confirm-dialog.tsx#ConfirmDialog; components/ui.tsx#Logo; components/app-shell.tsx#desktopNavGroups; components/app-shell.tsx#desktopNav; components/ui.tsx#IconButton; components/binso-ux.tsx#DetailHeading; components/binso-ux.tsx#PageHeading; components/header-panel.tsx#HeaderPanel; components/header-panel.tsx#HeaderPanelKind; components/header-panel-content.tsx#SearchPanel; components/header-panel-content.tsx#PanelLink; components/header-panel-content.tsx#NotificationPanel; components/header-panel-content.tsx#AccountPanel; components/app-shell.tsx#SheetLink; components/app-shell.tsx#ShellRegistration; components/app-shell.tsx#ShellConfiguration; components/ui.tsx#SectionTitle; components/entity-files.tsx#EntityFiles; components/binso-ux.tsx#DetailTabs; components/binso-ux.tsx#FilterSheet; components/binso-ux.tsx#SheetProps; components/binso-ux.tsx#Sheet; components/binso-ux.tsx#sheetValues; components/ui.tsx#Field; components/ui.tsx#Select; components/ui.tsx#Textarea; components/ui.tsx#Checkbox; components/ui.tsx#DateInput; components/ui.tsx#TimeInput; components/ui.tsx#CurrencyInput; components/ui.tsx#FormLabel; components/ui.tsx#FormError; components/binso-ux.tsx#ActionSheet; components/binso-ux.tsx#FormSheet; components/ui.tsx#Toast,ux-inventory.json: renderGraph/cssRules; CSSOM-Nachweis separat,Statisch inventarisiert; keine pauschale Abnahme
